workerID,completed_HITs,correct_HITs,HIT_correctness_rate,initial_precision,initial_recall,initial_f1,initial_precision_difference_from_baseline,initial_recall_difference_from_baseline,initial_f1_difference_from_baseline,final_precision,final_recall,final_f1
AEK2CJMRPTBN5,17,13,0.7647058823529411,0.790819964349376,0.7029257684628529,0.7319261311147722,-0.01968488168178606,-0.002267303148982047,0.007221426274244269,0.9764705882352941,0.9656862745098039,0.968627450980392
A2MVQGP9T5Q5FS,1,1,1,1.0,1.0,1.0,0.18949515396883798,0.294806928388165,0.27529529515947204,1.0,1.0,1.0
ACMSW49N239AC,1,0,0,0.1,0.043478260869565216,0.06060606060606061,-0.710504846031162,-0.6617148107422698,-0.6640986442344674,0.1,0.043478260869565216,0.06060606060606061
ADN6I9ITJWFNL,13,13,1.0,0.8262820512820512,0.7827341740385219,0.777068639967137,0.015777205250889215,0.07754110242668688,0.052363935126609085,1.0,1.0,1.0
A3NHJPE6326P9V,4,2,0.5,0.7999999999999999,0.75,0.757020757020757,-0.010504846031162085,0.044806928388165024,0.03231605218022904,0.96875,0.90625,0.9330357142857143
A2QNMH7AWCFPL1,9,6,0.6666666666666666,0.5983164983164982,0.5538720538720538,0.5671674005007338,-0.21218834771466377,-0.15132101773978113,-0.15753730433979418,0.837962962962963,0.8194444444444444,0.8273809523809523
A3MFHNI3OVDV2G,1,1,1,0.8333333333333334,0.7142857142857143,0.7692307692307692,0.022828487302171352,0.009092642673879325,0.044526064390241205,1.0,1.0,1.0
A1UXWUM04RAO59,18,15,0.8333333333333334,0.824609341276008,0.7403542847383426,0.7556323074916719,0.014104495244846027,0.03516121312650766,0.030927602651143915,0.9976851851851853,0.996031746031746,0.9967603537343489
A1R4Y1TEMWJNT4,18,14,0.7777777777777778,0.8320761029094361,0.806132407581683,0.7974797496019399,0.021571256878274103,0.10093933596984805,0.07277504476141194,0.9798005698005698,0.963674007152268,0.9708214624881292
A2B7SFNS7F3GY9,18,15,0.8333333333333334,0.7955128205128206,0.7285388390460853,0.7295754479662526,-0.014992025518341445,0.02334576743425032,0.004870743125724664,1.0,0.9936162870945481,0.9967078189300411
A3P0LQCNIXWOVJ,18,3,0.16666666666666666,0.11111111111111113,0.0763888888888889,0.08888888888888888,-0.6993937349200509,-0.628804182722946,-0.635815815951639,0.8545454545454546,0.7372974918264774,0.7598988869066002
A1CQF8BN4H2IQZ,1,0,0,0.8333333333333334,0.7142857142857143,0.7692307692307692,0.022828487302171352,0.009092642673879325,0.044526064390241205,0.8333333333333334,0.7142857142857143,0.7692307692307692
ACJR2IADLW6HD,1,1,1,0.0,0.0,0,-0.810504846031162,-0.705193071611835,-0.724704704840528,1.0,1.0,1.0
A3EBUBRYCKB6AF,1,0,0,1.0,1.0,1.0,0.18949515396883798,0.294806928388165,0.27529529515947204,1.0,1.0,1.0
A25QS426U0L4ND,2,1,0.5,0.5,0.5,0.5,-0.310504846031162,-0.20519307161183498,-0.22470470484052796,1.0,0.6666666666666666,0.75
A333STM8M95GJX,18,17,0.9444444444444444,0.9012345679012345,0.8424074248349611,0.8433670239225795,0.09072972187007244,0.13721435322312614,0.11866231908205149,1.0,1.0,1.0
A1P7NVEWVZE133,3,1,0.3333333333333333,0.3333333333333333,0.3333333333333333,0.3333333333333333,-0.4771715126978287,-0.37185973827850166,-0.39137137150719464,0.9722222222222222,0.8260869565217391,0.8761904761904762
A243U9BA8M2EY9,1,0,0,0.0,0.0,0,-0.810504846031162,-0.705193071611835,-0.724704704840528,0.0,0.0,0
AFQKLIYNCVZTL,5,3,0.6,0.8380165289256198,0.7777777777777778,0.7092222222222222,0.027511682894457823,0.07258470616594281,-0.01548248261830576,0.8380165289256198,0.8777777777777778,0.775888888888889
AIJEWX92UW722,1,1,1,1.0,1.0,1.0,0.18949515396883798,0.294806928388165,0.27529529515947204,1.0,1.0,1.0
AW0IWJHAE6IES,4,3,0.75,0.95,0.7157738095238095,0.808974358974359,0.13949515396883794,0.010580737911974558,0.08426965413383103,0.9375,0.9642857142857143,0.95
A1X6Z5P43QE3IP,22,19,0.8636363636363636,0.8318170243303933,0.776346183460808,0.7725065934709073,0.021312178299231266,0.071153111848973,0.047801888630379374,1.0,0.9850367024280069,0.9914141414141414
A3265QTYKPZMC6,2,1,0.5,1.0,1.0,1.0,0.18949515396883798,0.294806928388165,0.27529529515947204,1.0,1.0,1.0
A1LB4EJUIYDMYJ,2,2,1.0,0.7552447552447552,0.6590909090909092,0.6994134897360704,-0.05526009078640681,-0.046102162520925805,-0.025291215104457532,1.0,1.0,1.0
AO8LXT6Z1D9MU,18,18,1.0,1.0,1.0,1.0,0.18949515396883798,0.294806928388165,0.27529529515947204,1.0,1.0,1.0
A158PF19CNYVS0,1,1,1,1.0,1.0,1.0,0.18949515396883798,0.294806928388165,0.27529529515947204,1.0,1.0,1.0
ARQYCKZLIPXFH,1,1,1,1.0,0.375,0.5454545454545454,0.18949515396883798,-0.330193071611835,-0.17925015938598254,1.0,1.0,1.0
A1SVY6OLOUWIOZ,12,12,1.0,0.7947360509860509,0.8047889610389611,0.7862689053865526,-0.015768795045111084,0.09959588942712616,0.06156420054602463,1.0,1.0,1.0
A2A9EWTHDTEX1R,2,1,0.5,0.9,0.75,0.7777777777777778,0.089495153968838,0.044806928388165024,0.05307307293724983,0.9,1.0,0.9444444444444444
A1EUFLTY56TF0B,3,3,1.0,0.8376068376068376,0.7427536231884058,0.7560846560846561,0.02710199157567561,0.03756055157657079,0.03137995124412818,1.0,1.0,1.0
A3GE7CHWBLELVD,1,1,1,1.0,1.0,1.0,0.18949515396883798,0.294806928388165,0.27529529515947204,1.0,1.0,1.0
A185M4X8HLC539,1,0,0,1.0,1.0,1.0,0.18949515396883798,0.294806928388165,0.27529529515947204,1.0,1.0,1.0
A32AUS7ZYWFXYC,18,16,0.8888888888888888,0.8635588339535708,0.8456711699465322,0.8224466673742037,0.053053987922408785,0.14047809833469727,0.09774196253367573,1.0,0.98989898989899,0.9944444444444445
A3FVEEK2ETHQ6Y,1,0,0,0.0,0.0,0,-0.810504846031162,-0.705193071611835,-0.724704704840528,0.0,0.0,0
A1SRF7085UM3HI,18,18,1.0,0.8518518518518517,0.7874317711274234,0.7953670104813284,0.04134700582068973,0.08223869951558838,0.07066230564080045,1.0,1.0,1.0
AJD3JOWNVDZD1,18,15,0.8333333333333334,0.7517300194931773,0.6931282284543153,0.6908289241622574,-0.058774826537984715,-0.012064843157519656,-0.03387578067827057,0.9951690821256038,0.9704777241009125,0.979296066252588
A3GW4QYXG1OXFW,4,3,0.75,0.9807692307692307,0.7976190476190477,0.8472222222222222,0.1702643847380687,0.0924259760072127,0.12251751738169425,0.9821428571428571,0.9821428571428571,0.9821428571428571
A154F2HAJMLP17,1,0,0,0.0,0.0,0,-0.810504846031162,-0.705193071611835,-0.724704704840528,1.0,0.25,0.4
A2D4N5OITN925S,14,12,0.8571428571428571,0.8535768153415212,0.7599637681159421,0.7895124716553288,0.04307196931035917,0.05477069650410715,0.06480776681480083,0.9910714285714286,0.9910714285714286,0.9910714285714286
A3857424R8YR3Y,1,1,1,1.0,1.0,1.0,0.18949515396883798,0.294806928388165,0.27529529515947204,1.0,1.0,1.0
ALK9TDKJATMQX,18,12,0.6666666666666666,0.8172569379091118,0.7495224850297314,0.7447532947532947,0.006752091877949784,0.044329413417896424,0.0200485899127667,0.9407407407407407,0.9212962962962964,0.929541722645171
A3EEWSPD9OA2U0,3,2,0.6666666666666666,0.9095238095238095,0.8928571428571429,0.8915343915343916,0.0990189634926475,0.18766407124530793,0.16682968669386367,1.0,1.0,1.0
A33SKJTJTE5H3C,9,7,0.7777777777777778,0.9629629629629629,0.832384403036577,0.8821840927104084,0.1524581169318009,0.12719133142474204,0.15747938786988047,0.9629629629629629,0.9265873015873015,0.9426129426129425
A3QLUTH89HZQC9,18,17,0.9444444444444444,0.8221402054735387,0.7674706868547448,0.7713090693144784,0.011635359442376703,0.06227761524290987,0.046604364473950444,0.997584541062802,0.997584541062802,0.997584541062802
A2KTGGDRFBK3A8,1,1,1,1.0,1.0,1.0,0.18949515396883798,0.294806928388165,0.27529529515947204,1.0,1.0,1.0
AF52MD4ZG2CYV,14,12,0.8571428571428571,0.8606524427952998,0.8131800480402964,0.8323761100723683,0.050147596764137825,0.10798697642846145,0.10767140523184038,0.9228571428571428,0.9285714285714285,0.9255952380952381
A3BPY4DP4DCL6F,1,0,0,0.5333333333333333,1.0,0.6956521739130436,-0.2771715126978287,0.294806928388165,-0.029052530927484388,0.5333333333333333,1.0,0.6956521739130436
AOWGCWZ7X00RX,1,0,0,0.0,0.0,0,-0.810504846031162,-0.705193071611835,-0.724704704840528,1.0,0.4444444444444444,0.6153846153846153
A2ZMXBMLTPSS4D,2,2,1.0,1.0,0.875,0.9285714285714286,0.18949515396883798,0.16980692838816502,0.20386672373090065,1.0,1.0,1.0
A38GYT6H3YKG4J,18,17,0.9444444444444444,0.8220238095238095,0.7265756251263499,0.7520171186837854,0.011518963492647472,0.0213825535145149,0.027312413843257444,0.9722222222222222,1.0,0.9814814814814814
A1NPFJYWQH814I,7,3,0.42857142857142855,1.0,0.7962141378290446,0.8422480103152372,0.18949515396883798,0.09102106621720962,0.11754330547470926,1.0,0.7962141378290446,0.8422480103152372
A2LKXXNT29E29Y,1,1,1,0.75,0.2727272727272727,0.39999999999999997,-0.06050484603116202,-0.43246579888456227,-0.324704704840528,1.0,1.0,1.0
A2SPHNTPIDGC55,2,2,1.0,1.0,0.75,0.8333333333333333,0.18949515396883798,0.044806928388165024,0.1086286284928053,1.0,1.0,1.0
A2Y59SQMTEKIPD,17,11,0.6470588235294118,0.5386396780258673,0.6012785878514779,0.5148037468106672,-0.2718651680052947,-0.10391448376035706,-0.20990095802986075,0.9503353973168214,0.9957983193277311,0.9596858435406622
AXR8QNGNBF1DU,18,17,0.9444444444444444,0.8341524216524218,0.7987548884288014,0.7885141093474427,0.023647575621259742,0.0935618168169664,0.06380940450691475,1.0,1.0,1.0
A8H6S1DAWAA1V,2,1,0.5,0.8125,0.6388888888888888,0.6923076923076923,0.0019951539688379816,-0.06630418272294614,-0.03239701253283567,0.8125,0.6388888888888888,0.6923076923076923
A2COSIJ0PXHLP0,3,3,1.0,0.9333333333333333,0.5052910052910052,0.6495726495726495,0.12282848730217133,-0.19990206632082974,-0.07513205526787847,1.0,1.0,1.0
AC6F9EZE9MG1V,1,0,0,0.0,0.0,0,-0.810504846031162,-0.705193071611835,-0.724704704840528,0.5,1.0,0.6666666666666666
A1ECLPJ8TOEKJ3,18,2,0.1111111111111111,0.7732323232323233,0.5831146175349072,0.621346492119439,-0.03727252279883875,-0.12207845407692774,-0.10335821272108892,0.7732323232323233,0.5831146175349072,0.621346492119439
AKHO08K69B4Y4,1,1,1,1.0,0.6666666666666666,0.8,0.18949515396883798,-0.03852640494516835,0.07529529515947209,1.0,1.0,1.0
AVMIXXCHPD291,1,0,0,1.0,0.75,0.8571428571428571,0.18949515396883798,0.044806928388165024,0.13243815230232914,1.0,0.75,0.8571428571428571
A2GTN3XHBTF1MH,1,1,1,1.0,1.0,1.0,0.18949515396883798,0.294806928388165,0.27529529515947204,1.0,1.0,1.0
ALJMDVY95Y5G4,3,3,1.0,0.8492063492063493,0.8492063492063493,0.8461538461538461,0.03870150317518728,0.14401327759451432,0.12144914131331819,1.0,1.0,1.0
A1DRCRAL9SH5PO,18,17,0.9444444444444444,0.8489197530864198,0.8135992429470689,0.8077141153493221,0.03841490705525774,0.10840617133523389,0.08300941050879418,1.0,1.0,1.0
A304QFJ4DO34Z8,2,0,0.0,0.2727272727272727,0.5,0.3529411764705882,-0.5377775733038893,-0.20519307161183498,-0.37176352836993976,0.425,0.875,0.5333333333333332
A3I9XLIHPPWPN1,2,2,1.0,1.0,0.75,0.8333333333333333,0.18949515396883798,0.044806928388165024,0.1086286284928053,1.0,1.0,1.0
A1XTTW41VO1XGQ,2,2,1.0,0.5,0.375,0.42857142857142855,-0.310504846031162,-0.330193071611835,-0.2961332762690994,1.0,1.0,1.0
A2DV5UGDVXZ4YO,1,0,0,1.0,0.6666666666666666,0.8,0.18949515396883798,-0.03852640494516835,0.07529529515947209,1.0,1.0,1.0
A36ZLJKXCC5REN,5,0,0.0,0.26969696969696966,0.325,0.28190476190476194,-0.5408078763341924,-0.38019307161183497,-0.442799942935766,0.48969696969696974,0.6583333333333334,0.5384704184704184
A29N2NWVXHVLDV,18,8,0.4444444444444444,0.843999518999519,0.8122046029654726,0.7983032075137338,0.03349467296835695,0.10701153135363761,0.07359850267320589,0.9148148148148147,0.8627645502645503,0.8671973356755966
A1323ZPP9VMFY,1,1,1,0.8181818181818182,0.8181818181818182,0.8181818181818182,0.007676972150656214,0.11298874656998326,0.09347711334129027,1.0,1.0,1.0
A167SYXGXFU7C8,1,0,0,0.0,0.0,0,-0.810504846031162,-0.705193071611835,-0.724704704840528,0.5333333333333333,1.0,0.6956521739130436
AB85I9UI54YLM,1,0,0,1.0,1.0,1.0,0.18949515396883798,0.294806928388165,0.27529529515947204,1.0,1.0,1.0
A19OH5PQ7ZZ6UV,4,4,1.0,0.7,0.6247412008281573,0.6270833333333333,-0.11050484603116206,-0.08045187078367766,-0.09762137150719463,1.0,1.0,1.0
A1JP58Y4XAT7EU,1,1,1,1.0,1.0,1.0,0.18949515396883798,0.294806928388165,0.27529529515947204,1.0,1.0,1.0
A2V0KT4Q3KR9E7,4,2,0.5,0.5249999999999999,0.5386904761904762,0.5272727272727272,-0.2855048460311621,-0.1665025954213588,-0.19743197756780073,0.9583333333333334,0.9583333333333334,0.9583333333333334
A1KAGE2AVL6ZGO,7,6,0.8571428571428571,0.8571428571428571,0.8282312925170068,0.80989010989011,0.04663801111169508,0.1230382209051718,0.08518540504958205,1.0,0.9591836734693877,0.9761904761904762
A3SB7UDTB45F8N,15,7,0.4666666666666667,0.43939273689273683,0.48899868247694334,0.4437562747933748,-0.3711121091384252,-0.21619438913489164,-0.28094843004715314,0.696547619047619,0.726190476190476,0.7042596348884382
A1R4O3JMD41ML8,3,3,1.0,0.6071428571428571,0.6811594202898551,0.6004489337822672,-0.20336198888830492,-0.024033651321979876,-0.1242557710582608,1.0,1.0,1.0
AZV195E9JW7ZH,1,0,0,0.8,1.0,0.888888888888889,-0.010504846031161974,0.294806928388165,0.164184184048361,0.75,0.75,0.75
A1RF7JE545EPAD,3,1,0.3333333333333333,0.7916666666666666,0.625,0.5740740740740741,-0.01883817936449539,-0.08019307161183498,-0.1506306307664539,0.7916666666666666,0.625,0.5740740740740741
A2UD295CIKI9F,3,2,0.6666666666666666,0.33333333333333337,0.2777777777777778,0.303030303030303,-0.47717151269782865,-0.4274152938340572,-0.421674401810225,1.0,1.0,1.0
AHSY0VVGL4XQD,17,12,0.7058823529411765,0.8423282599753188,0.7480735377154816,0.7518741148772108,0.031823413944156775,0.0428804661036466,0.02716941003668283,1.0,0.9705882352941176,0.9803921568627451
A2XEJ4VQ6WZCSE,1,0,0,1.0,0.13043478260869565,0.23076923076923078,0.18949515396883798,-0.5747582890031393,-0.4939354740712972,1.0,0.9565217391304348,0.9777777777777777
ACM2EBNMLJO9D,1,0,0,1.0,1.0,1.0,0.18949515396883798,0.294806928388165,0.27529529515947204,1.0,1.0,1.0
A2NV5CA59IXOAY,18,16,0.8888888888888888,0.8412341808893533,0.7879925026664156,0.7891548682018358,0.030729334858191293,0.08279943105458065,0.06445016336130782,1.0,1.0,1.0
A37L9WI5SQM83H,4,2,0.5,0.5397727272727273,0.6388888888888888,0.5224137931034483,-0.2707321187584347,-0.06630418272294614,-0.2022909117370797,0.9868421052631579,1.0,0.9932432432432432
A2RMJNF6IPI42F,18,10,0.5555555555555556,0.7503561253561254,0.7057383705934429,0.6921321476877031,-0.06014872067503663,0.0005452989816079334,-0.03257255715282481,0.9848773167486616,0.990981240981241,0.9874402974402975
A2PO6X5005FNDI,18,17,0.9444444444444444,0.908080808080808,0.8830484799687699,0.8674066290472343,0.09757596204964603,0.17785540835693492,0.14270192420670635,1.0,0.997584541062802,0.9987654320987654
A1H83UBDQMKMN1,2,0,0.0,0.3333333333333333,0.5,0.4,-0.4771715126978287,-0.20519307161183498,-0.32470470484052794,0.7333333333333334,0.75,0.7076923076923077
A255Z4U24Y2SP8,3,2,0.6666666666666666,0.6571428571428571,0.4166666666666667,0.4592592592592593,-0.15336198888830488,-0.2885264049451683,-0.26544544558126865,0.8571428571428571,0.8333333333333334,0.8444444444444444
AMHZ8D856PO3F,18,9,0.5,0.49827441077441076,0.5910206272525113,0.5004442161840208,-0.31223043525675126,-0.11417244435932372,-0.22426048865650716,0.8972578347578347,0.9417087542087542,0.9057539682539683
AQW67R8JPMU85,1,0,0,0.5,1.0,0.6666666666666666,-0.310504846031162,0.294806928388165,-0.05803803817386133,0.5,1.0,0.6666666666666666
ATU5UBFMPVJ83,1,0,0,0.6,0.3333333333333333,0.42857142857142855,-0.21050484603116204,-0.37185973827850166,-0.2961332762690994,0.6,0.3333333333333333,0.42857142857142855
A11INOLBSOUEVA,4,2,0.5,0.625,0.5833333333333333,0.5416666666666667,-0.18550484603116202,-0.12185973827850172,-0.18303803817386122,0.8888888888888888,0.9285714285714286,0.90625
A8EFYHEFE8S9C,18,17,0.9444444444444444,0.8196322196322195,0.7808167074471423,0.7763393149641028,0.009127373601057531,0.07562363583530729,0.05163461012357484,1.0,1.0,1.0
A1P8IPYP0KB1TA,16,14,0.875,0.725,0.7364076518288474,0.7046855921855921,-0.08550484603116204,0.0312145802170124,-0.020019112654935833,0.953125,0.96875,0.9416666666666667
A33XXKGG4SP92D,1,1,1,1.0,0.8333333333333334,0.9090909090909091,0.18949515396883798,0.1281402617214984,0.1843862042503811,1.0,1.0,1.0
A315I4VR5PQ7M2,1,1,1,0.9090909090909091,0.5555555555555556,0.6896551724137931,0.09858606305974704,-0.1496375160562794,-0.03504953242673481,1.0,1.0,1.0
A1C726O0DAGK17,5,2,0.4,0.36,0.3,0.31111111111111106,-0.45050484603116203,-0.405193071611835,-0.4135935937294169,0.75,0.85,0.7833333333333333
A2KYR3GRQT2EL0,2,2,1.0,0.5625,0.6086956521739131,0.4946236559139785,-0.24800484603116202,-0.0964974194379219,-0.23008104892654946,1.0,1.0,1.0
AROEBUDI2L9G9,18,18,1.0,0.7386183261183262,0.6966037183428487,0.6716022394384967,-0.07188651991283579,-0.008589353268986244,-0.05310246540203123,1.0,1.0,1.0
A10BH9PYCYUKDJ,3,3,1.0,1.0,0.7361111111111112,0.8181818181818182,0.18949515396883798,0.030918039499276184,0.09347711334129027,1.0,1.0,1.0
A115UFR6VA6OM1,18,15,0.8333333333333334,0.7951261701261702,0.7851169563126084,0.7535924723424724,-0.015378675904991868,0.07992388470077338,0.02888776750194444,1.0,1.0,1.0
A1EQ2HDHF2WWSY,18,16,0.8888888888888888,0.8912217412217412,0.8022839680448374,0.8263909557013004,0.08071689519057923,0.0970908964330024,0.10168625086077243,1.0,0.9760101010101011,0.9865079365079366
AFSB8WBSUU2B4,1,0,0,1.0,0.6666666666666666,0.8,0.18949515396883798,-0.03852640494516835,0.07529529515947209,1.0,0.16666666666666666,0.2857142857142857
A3OKWRLKLYVH4F,18,17,0.9444444444444444,0.8043134983924459,0.8234288188998334,0.7921919776758488,-0.006191347638716094,0.11823574728799846,0.06748727283532086,1.0,1.0,1.0
A3FVUXM0IHPXYO,1,0,0,0.0,0.0,0,-0.810504846031162,-0.705193071611835,-0.724704704840528,1.0,0.75,0.8571428571428571
A3O81LHBBI8NPK,1,0,0,0.0,0.0,0,-0.810504846031162,-0.705193071611835,-0.724704704840528,1.0,0.3333333333333333,0.5
A37WDOIQH6JM6V,2,1,0.5,0.875,0.7916666666666667,0.8295454545454546,0.06449515396883798,0.08647359505483176,0.10484074970492663,1.0,0.9166666666666667,0.9545454545454546
AURYD2FH3FUOQ,18,13,0.7222222222222222,0.8827516619183287,0.8671419160549595,0.8531484673641535,0.07224681588716664,0.16194884444312452,0.12844376252362555,0.9621212121212119,0.9443742985409651,0.9426869426869426
A15Q13YESD28V6,18,18,1.0,0.8654985754985755,0.8323190497103541,0.8316239316239317,0.05499372946741343,0.1271259780985191,0.10691922678340371,1.0,1.0,1.0
A3NRGIQSHCLOV3,1,0,0,0.8,1.0,0.888888888888889,-0.010504846031161974,0.294806928388165,0.164184184048361,0.8,1.0,0.888888888888889
A2BJT8I6ZAV8MU,4,0,0.0,0.3928571428571429,0.45166925465838514,0.4082167832167832,-0.4176477031740191,-0.25352381695344983,-0.3164879216237448,0.9891304347826088,0.9177018633540373,0.947463768115942
A20MX2GRMYZ3BO,18,18,1.0,0.8149264134558253,0.8948861457919428,0.8321586240898635,0.004421567424663264,0.18969307418010783,0.10745391924933556,1.0,1.0,1.0
A2Y4R2BHAY7H2B,1,0,0,1.0,0.5,0.6666666666666666,0.18949515396883798,-0.20519307161183498,-0.05803803817386133,1.0,0.5,0.6666666666666666
AZBHD78KQMIKB,4,1,0.25,0.09803921568627451,0.1607142857142857,0.12083333333333333,-0.7124656303448875,-0.5444787858975493,-0.6038713715071946,0.28260869565217395,0.35714285714285715,0.30000000000000004
AWX4LIGWKDFF,2,0,0.0,0.5,0.0625,0.1111111111111111,-0.310504846031162,-0.642693071611835,-0.6135935937294168,1.0,0.1875,0.3111111111111111
AYFOAD75CRBKE,18,14,0.7777777777777778,0.7109126984126986,0.6796562937867286,0.673580586080586,-0.09959214761846347,-0.025536777825106327,-0.05112411875994194,1.0,0.9868125701459035,0.9928571428571428
A2FZE7CARM54IG,18,15,0.8333333333333334,0.7428972262305596,0.7856872730061135,0.7442690796857464,-0.06760761980060237,0.08049420139427854,0.019564374845218446,0.9695815295815295,0.9652076318742985,0.9667508417508418
A2Z6QUQZF8954Y,1,1,1,0.8,0.5,0.6153846153846154,-0.010504846031161974,-0.20519307161183498,-0.10932008945591254,1.0,1.0,1.0
A1B7HJPGMX4TU3,6,4,0.6666666666666666,0.7005050505050505,0.6693840579710145,0.6487438487438487,-0.1099997955261115,-0.03580901364082045,-0.07596085609667924,0.8333333333333334,0.8333333333333334,0.8333333333333334
A4H1NYJVE7C53,18,18,1.0,0.8307631874298541,0.7951813685509337,0.7953096968548801,0.020258341398692092,0.08998829693909871,0.07060499201435211,1.0,1.0,1.0
A3TAFJGK9RSPB,13,12,0.9230769230769231,0.9167832167832167,0.8638209616470486,0.8781154742693206,0.10627837075205471,0.1586278900352136,0.15341076942879261,1.0,0.9903846153846154,0.9948717948717949
A2IICH6KZZB6XF,15,5,0.3333333333333333,0.6932234432234432,0.7094798920885877,0.6434201220316227,-0.11728140280771882,0.004286820476752773,-0.08128458280890527,0.6763403263403264,0.7835309617918313,0.6903174170490511
A2SBUN0TST2AZ8,17,12,0.7058823529411765,0.9534313725490197,0.8068970671272462,0.8555131143366438,0.14292652651785764,0.1017039955154112,0.13080840949611583,0.9932126696832578,0.9381843646549528,0.9605442176870748
ACCY48FRTI0E9,1,0,0,0.0,0.0,0,-0.810504846031162,-0.705193071611835,-0.724704704840528,0.0,0.0,0
A1XIQNZH1VEFTQ,1,0,0,0.0,0.0,0,-0.810504846031162,-0.705193071611835,-0.724704704840528,1.0,0.5,0.6666666666666666
A37PBOUXGARPML,18,18,1.0,0.9362217412217412,0.8469699583830019,0.8749205013093901,0.12571689519057916,0.14177688677116695,0.15021579646886218,1.0,1.0,1.0
A14W0IW2KGR80K,2,0,0.0,0.7272727272727273,0.8125,0.763157894736842,-0.08323211875843473,0.10730692838816502,0.03845318989631408,0.7272727272727273,0.8125,0.763157894736842
A3CTRPYM593S4J,18,16,0.8888888888888888,0.805331088664422,0.7510656949062746,0.7613395233466917,-0.005173757366739973,0.04587262329443964,0.03663481850616379,0.9970760233918128,0.9861111111111112,0.9905619905619905
A1VGZ2K3HF66TE,18,4,0.2222222222222222,0.2919191919191919,0.26957070707070707,0.2752715121136174,-0.5185856541119701,-0.4356223645411279,-0.44943319272691057,0.7888802555469223,0.7425884971174825,0.7385844158854584
A35D31QHYQUF9V,3,2,0.6666666666666666,0.9111111111111111,0.7380952380952381,0.804029304029304,0.10060626507994908,0.03290216648340316,0.07932459918877599,1.0,1.0,1.0
A1NHFCWPAQNUT6,13,13,1.0,0.9358974358974358,0.9140147292321206,0.9070874861572535,0.12539258986627377,0.2088216576202856,0.18238278131672558,1.0,1.0,1.0
A203HI499F5HCI,3,0,0.0,0.7282828282828283,0.8143939393939394,0.7427065687935254,-0.08222201774833371,0.10920086778210447,0.01800186395299741,0.7073677956030897,0.8143939393939394,0.7241558441558441
A1I6P3XTSPFEK5,18,16,0.8888888888888888,0.9073372615039281,0.8675444925444925,0.882645761195457,0.09683241547276611,0.16235142093265753,0.15794105635492905,0.9444444444444443,0.9351851851851851,0.9393939393939393
A5N6QK76RTR7R,1,0,0,0.0,0.0,0,-0.810504846031162,-0.705193071611835,-0.724704704840528,1.0,1.0,1.0
AE627VT8OR8A6,3,3,1.0,0.27272727272727276,0.27272727272727276,0.27272727272727276,-0.5377775733038892,-0.4324657988845622,-0.4519774321132552,1.0,1.0,1.0
A35IEM9AICHLN0,18,1,0.05555555555555555,0.05128205128205128,0.047619047619047616,0.049382716049382734,-0.7592227947491107,-0.6575740239927874,-0.6753219887911452,0.7241572316572317,0.7551202152651427,0.70108109561157
A3AMX0BADW0LX7,6,0,0.0,0.27380952380952384,0.2474747474747475,0.25333333333333335,-0.5366953222216382,-0.45771832413708746,-0.4713713715071946,0.541971916971917,0.6641414141414141,0.5501075268817204
A1XD2G6NO4RPA1,1,1,1,1.0,0.8333333333333334,0.9090909090909091,0.18949515396883798,0.1281402617214984,0.1843862042503811,1.0,1.0,1.0
AT5P2JKIUHFYP,1,1,1,0.8571428571428571,0.75,0.7999999999999999,0.04663801111169508,0.044806928388165024,0.07529529515947198,1.0,1.0,1.0
A3IB7YJHP04OHI,1,0,0,0.5555555555555556,0.2777777777777778,0.3703703703703704,-0.25494929047560644,-0.4274152938340572,-0.35433433447015755,0.5555555555555556,0.2777777777777778,0.3703703703703704
AZZDXA6TV6737,18,18,1.0,0.9237037614898027,0.8599865982112359,0.8672937971851015,0.11319891545864069,0.15479352659940093,0.1425890923445735,1.0,1.0,1.0
A2QTP92PCZUGI2,18,16,0.8888888888888888,0.9139730639730639,0.9346741221741222,0.9099370293043988,0.10346821794190186,0.22948105056228718,0.18523232446387083,0.9833333333333333,1.0,0.9901960784313724
AEDA8P1A4WJGZ,1,0,0,0.5,1.0,0.6666666666666666,-0.310504846031162,0.294806928388165,-0.05803803817386133,0.5,1.0,0.6666666666666666
A1HDMCYNBG937V,3,0,0.0,0.8222222222222223,0.7314814814814815,0.7597883597883598,0.01171737619106028,0.026288409869646534,0.03508365494783183,0.8222222222222223,0.7314814814814815,0.7597883597883598
AHZIJXFRI8CUC,1,0,0,1.0,1.0,1.0,0.18949515396883798,0.294806928388165,0.27529529515947204,1.0,1.0,1.0
A2QZ3E3AEY887V,1,0,0,0.8,0.5,0.6153846153846154,-0.010504846031161974,-0.20519307161183498,-0.10932008945591254,0.8,0.5,0.6153846153846154
A18TO2D0ADX3QT,18,16,0.8888888888888888,0.8387972865914042,0.8675810904071773,0.8396155988261251,0.02829244056024216,0.16238801879534237,0.11491089398559717,1.0,0.9760101010101011,0.9865079365079366
A2MKUZ0K3S7NQU,3,1,0.3333333333333333,0.6666666666666666,0.5833333333333334,0.6190476190476191,-0.1438381793644954,-0.1218597382785016,-0.10565708579290889,0.6666666666666666,0.6666666666666666,0.6666666666666666
A1Y50NM443ITPK,2,2,1.0,0.4,0.2222222222222222,0.2857142857142857,-0.410504846031162,-0.48297084938961277,-0.43899041912624226,1.0,1.0,1.0
A2J44NKNUFCS68,1,1,1,0.8181818181818182,0.8181818181818182,0.8181818181818182,0.007676972150656214,0.11298874656998326,0.09347711334129027,1.0,1.0,1.0
A24BQT7XFB4Y3X,1,0,0,0.0,0.0,0,-0.810504846031162,-0.705193071611835,-0.724704704840528,0.0,0.0,0
A3FMVGPLM6G2R8,3,0,0.0,0.13725490196078433,0.10144927536231885,0.11666666666666667,-0.6732499440703776,-0.6037437962495161,-0.6080380381738613,0.6150326797385621,0.5593617332747768,0.5696581196581196
AWMQYV1RQM94M,2,0,0.0,1.0,0.9166666666666667,0.9545454545454546,0.18949515396883798,0.21147359505483176,0.22984074970492663,1.0,0.9166666666666667,0.9545454545454546
A2CK0OXMPOR9LE,7,4,0.5714285714285714,0.9,0.8061224489795918,0.8102139406487233,0.089495153968838,0.10092937736775687,0.08550923580819536,1.0,0.8775510204081634,0.9213250517598344
A1M7RRHMZDU2GT,8,5,0.625,0.7449929971988796,0.9077380952380952,0.7895609318996416,-0.06551184883228245,0.20254502362626026,0.06485622705911365,0.7904962153069807,0.9910714285714286,0.8380591630591631
A2VE5IV9OD2SK1,2,1,0.5,0.6590909090909092,0.9090909090909092,0.7424242424242424,-0.15141393694025285,0.2038978374790742,0.017719537583714473,1.0,0.9090909090909092,0.95
A12SMSQ6D5227J,2,1,0.5,1.0,0.75,0.8333333333333333,0.18949515396883798,0.044806928388165024,0.1086286284928053,1.0,1.0,1.0
A1UN6Z74XH149G,4,0,0.0,0.9583333333333334,0.7341269841269842,0.8095804195804196,0.14782848730217135,0.028933912515149207,0.08487571473989164,0.9583333333333334,0.7341269841269842,0.8095804195804196
A27XTJ5OY9C8S4,1,1,1,1.0,1.0,1.0,0.18949515396883798,0.294806928388165,0.27529529515947204,1.0,1.0,1.0
A3BBPCRHAJ61PP,3,1,0.3333333333333333,0.8666666666666667,1.0,0.9259259259259259,0.05616182063550468,0.294806928388165,0.20122122108539797,1.0,1.0,1.0
A3IB2VOBA3T9LY,5,5,1.0,0.9,0.9428571428571428,0.9,0.089495153968838,0.23766407124530786,0.17529529515947206,1.0,1.0,1.0
A3TQD8CNO16IZK,16,9,0.5625,0.736823593073593,0.7298352311939268,0.7057972182438395,-0.073681252957569,0.024642159582091816,-0.018907486596688505,0.9574349261849262,0.9806998556998557,0.9671644122827228
A1JVUD5XUB9H48,4,3,0.75,0.6666666666666667,0.6666666666666666,0.65,-0.14383817936449528,-0.03852640494516835,-0.07470470484052794,1.0,1.0,1.0
A1HBGAN6P9PCJW,7,4,0.5714285714285714,0.6460317460317461,0.5719260036030223,0.5909760874046589,-0.16447309999941595,-0.13326706800881272,-0.13372861743586906,1.0,0.9332096474953617,0.9619047619047618
A34QZDSTKZ3JO9,18,15,0.8333333333333334,0.7804632163327816,0.8209750193445844,0.7843717854704297,-0.030041629698380423,0.11578194773274941,0.05966708062990178,0.9829059829059829,0.962121212121212,0.9711469534050179
A2MIOF3QNY3Y70,1,1,1,1.0,0.8181818181818182,0.9,0.18949515396883798,0.11298874656998326,0.17529529515947206,1.0,1.0,1.0
A12HG43WV4VMOW,5,5,1.0,0.6833333333333333,0.7798136645962733,0.6562347456465104,-0.12717151269782867,0.07462059298443835,-0.06846995919401755,1.0,1.0,1.0
A2AP81G5LE5U8A,1,1,1,0.9333333333333333,0.6086956521739131,0.7368421052631579,0.12282848730217133,-0.0964974194379219,0.012137400422629896,1.0,1.0,1.0
A3S2CI33U988P7,1,0,0,0.8,0.5,0.6153846153846154,-0.010504846031161974,-0.20519307161183498,-0.10932008945591254,0.8888888888888888,1.0,0.9411764705882353
A1JW7UBUWNA0UG,1,0,0,0.9230769230769231,0.8571428571428571,0.888888888888889,0.11257207704576111,0.15194978553102212,0.164184184048361,0.9230769230769231,0.8571428571428571,0.888888888888889
A1X0H6VAK3AQE9,4,3,0.75,0.875,0.6666666666666667,0.6856060606060606,0.06449515396883798,-0.038526404945168236,-0.039098644234467406,1.0,1.0,1.0
A3R15RWWHVC7CP,4,4,1.0,0.6678571428571428,0.686335403726708,0.6375,-0.1426477031740192,-0.018857667885126994,-0.087204704840528,1.0,1.0,1.0
A1KH62H92N4L13,1,0,0,0.4444444444444444,0.2222222222222222,0.2962962962962963,-0.3660604015867176,-0.48297084938961277,-0.4284084085442317,0.4444444444444444,0.2222222222222222,0.2962962962962963
A3RA35OTC74TNU,1,1,1,1.0,1.0,1.0,0.18949515396883798,0.294806928388165,0.27529529515947204,1.0,1.0,1.0
A3KEM7W73EQB5Y,17,14,0.8235294117647058,0.7605374729077151,0.7785440263061746,0.7252563059963439,-0.0499673731234469,0.07335095469433961,0.0005516011558159839,0.9362745098039217,0.938618925831202,0.937421777221527
AR6MC5TT8YDLY,1,1,1,1.0,1.0,1.0,0.18949515396883798,0.294806928388165,0.27529529515947204,1.0,1.0,1.0
A3KXSP2K60IZMB,18,17,0.9444444444444444,0.8558201058201057,0.8001368934339949,0.8140138154027043,0.045315259788943685,0.09494382182215988,0.08930911056217639,1.0,1.0,1.0
A142JF5GBAFDK6,4,0,0.0,0.5525793650793651,0.44146825396825395,0.478505291005291,-0.2579254809517969,-0.263724817643581,-0.24619941383523697,0.7571248196248196,0.6460137085137085,0.6830507455507455
A2TEWO3WJ5YKGG,1,0,0,0.75,1.0,0.8571428571428571,-0.06050484603116202,0.294806928388165,0.13243815230232914,1.0,1.0,1.0
A2Y9H7H882QER6,1,0,0,0.9230769230769231,0.8571428571428571,0.888888888888889,0.11257207704576111,0.15194978553102212,0.164184184048361,0.9230769230769231,0.8571428571428571,0.888888888888889
A2AAY4VT9L71SY,3,3,1.0,0.16666666666666669,0.33333333333333337,0.2222222222222222,-0.6438381793644954,-0.3718597382785016,-0.5024824826183057,1.0,1.0,1.0
A1V43LOHWAE2AL,1,0,0,0.5,1.0,0.6666666666666666,-0.310504846031162,0.294806928388165,-0.05803803817386133,0.5,1.0,0.6666666666666666
A3BBDCU69807T2,18,18,1.0,0.7863654863654862,0.78613777526821,0.7592914801248135,-0.02413935966567582,0.08094470365637507,0.034586775284285554,1.0,1.0,1.0
A1UMJ5G9Z0A76F,18,16,0.8888888888888888,0.9113562091503267,0.8105799192755714,0.8356368168868169,0.10085136311916465,0.1053868476637364,0.11093211204628894,1.0,0.9836956521739132,0.9908289241622575
AEHRL61KFSZ73,1,0,0,1.0,1.0,1.0,0.18949515396883798,0.294806928388165,0.27529529515947204,1.0,1.0,1.0
AUUD28U2O0SPY,4,2,0.5,0.7,0.4945652173913044,0.5656108597285068,-0.11050484603116206,-0.2106278542205306,-0.15909384511202118,0.75,0.6195652173913044,0.661764705882353
A3QUWIT972BYUH,18,18,1.0,0.6577821869488536,0.7730109061630801,0.6625521078296221,-0.15272265908230842,0.06781783455124513,-0.06215259701090581,1.0,1.0,1.0
A39SX1QZR36L7A,1,1,1,1.0,0.8333333333333334,0.9090909090909091,0.18949515396883798,0.1281402617214984,0.1843862042503811,1.0,1.0,1.0
A1PH1OHTTCHTWN,10,8,0.8,0.8025,0.7931677018633541,0.7697672220252865,-0.008004846031162027,0.08797463025151908,0.04506251718475851,1.0,1.0,1.0
A30NLLSDHFVM38,18,17,0.9444444444444444,0.8639838556505223,0.8509748102139406,0.8305735114558646,0.05347900961936025,0.14578173860210564,0.1058688066153366,0.9944444444444444,0.9722222222222221,0.9801587301587301
A2929S7JLLYFSW,1,1,1,0.5,1.0,0.6666666666666666,-0.310504846031162,0.294806928388165,-0.05803803817386133,1.0,1.0,1.0
A23S3TBFRILU5H,1,0,0,0.0,0.0,0,-0.810504846031162,-0.705193071611835,-0.724704704840528,1.0,1.0,1.0
A3IF0U05706TE5,1,0,0,0.16666666666666666,1.0,0.2857142857142857,-0.6438381793644954,0.294806928388165,-0.43899041912624226,0.16666666666666666,1.0,0.2857142857142857
A2KH26WMMTFJUC,1,0,0,0.8,0.5,0.6153846153846154,-0.010504846031161974,-0.20519307161183498,-0.10932008945591254,0.8,0.5,0.6153846153846154
A22VREP47FRS0N,1,1,1,1.0,0.8333333333333334,0.9090909090909091,0.18949515396883798,0.1281402617214984,0.1843862042503811,1.0,1.0,1.0
AAC5XT7UY7B2K,1,0,0,0.8181818181818182,0.8181818181818182,0.8181818181818182,0.007676972150656214,0.11298874656998326,0.09347711334129027,1.0,0.7272727272727273,0.8421052631578948
AL83KKXUORS9Y,18,18,1.0,0.876586068252735,0.6889547650417216,0.7416384676618596,0.06608122222157298,-0.01623830657011338,0.016933762821331633,1.0,1.0,1.0
A1COI3RO5SCKVI,10,9,0.9,0.8552913752913753,0.9157467532467533,0.8764510635563267,0.044786529260213315,0.21055368163491828,0.15174635871579878,1.0,1.0,1.0
AXH8UCJHSUCUM,2,2,1.0,0.0,0.0,0.0,-0.810504846031162,-0.705193071611835,-0.724704704840528,1.0,1.0,1.0
A14BSSXMEM9PTD,7,7,1.0,0.9361471861471861,0.8857709750566893,0.9005012531328321,0.12564234011602404,0.18057790344485436,0.17579654829230418,1.0,1.0,1.0
ACI6UU4MR30U2,1,1,1,0.0,0.0,0,-0.810504846031162,-0.705193071611835,-0.724704704840528,1.0,1.0,1.0
A3PPRVK6XK6GP5,4,3,0.75,0.9545454545454546,0.9545454545454546,0.9545454545454546,0.14404060851429257,0.2493523829336196,0.22984074970492663,1.0,0.9545454545454546,0.975
A1V6CSBT0WW2OF,1,1,1,1.0,1.0,1.0,0.18949515396883798,0.294806928388165,0.27529529515947204,1.0,1.0,1.0
A1PTPOCNR967O5,18,17,0.9444444444444444,0.8234342979957016,0.7957725983088302,0.7898468815135481,0.01292945196453954,0.0905795266969952,0.06514217667302014,0.9722222222222222,1.0,0.9814814814814814
A22G3IFRURGMBT,2,2,1.0,0.9,0.875,0.873015873015873,0.089495153968838,0.16980692838816502,0.14831116817534507,1.0,1.0,1.0
A1O1UPAIBIDZJ0,12,10,0.8333333333333334,0.8918845315904139,0.9136904761904763,0.8869316957552252,0.0813796855592519,0.2084974045786413,0.16222699091469728,1.0,1.0,1.0
A15RJPRX0KVUFS,17,12,0.7058823529411765,0.8652406417112298,0.7856704605425834,0.8001891478753594,0.05473579568006781,0.0804773889307484,0.07548444303483148,0.9901960784313726,0.9600840336134454,0.9734970911441498
A39NM64GEBACDE,2,1,0.5,0.5,0.5,0.5,-0.310504846031162,-0.20519307161183498,-0.22470470484052796,1.0,0.5833333333333333,0.6428571428571428
A2W1C5PDHUF25O,1,1,1,0.25,1.0,0.4,-0.560504846031162,0.294806928388165,-0.32470470484052794,1.0,1.0,1.0
A2R819T7EYBI95,2,2,1.0,0.9166666666666667,0.8571428571428572,0.8846153846153846,0.10616182063550472,0.15194978553102223,0.15991067977485662,1.0,1.0,1.0
A2UE8TR7ZJSG1U,2,2,1.0,0.8125,0.7777777777777778,0.7941176470588236,0.0019951539688379816,0.07258470616594281,0.06941294221829564,1.0,1.0,1.0
A1RWNYJA5X25YH,2,2,1.0,0.5952380952380952,0.8333333333333333,0.6481481481481481,-0.21526675079306679,0.12814026172149828,-0.07655655669237982,1.0,1.0,1.0
A1O2E8EN6BBO4G,18,10,0.5555555555555556,0.4425925925925926,0.462962962962963,0.44062850729517394,-0.3679122534385694,-0.24223010864887196,-0.284076197545354,0.7777777777777777,0.6269919693832738,0.6510596900840803
A36YZCJV91T1EX,4,4,1.0,0.8452380952380952,0.670138888888889,0.7467532467532467,0.034733249206933214,-0.035054182722946026,0.022048541912718767,1.0,1.0,1.0
A1EH9BPKYXFBS5,1,0,0,0.0,0.0,0,-0.810504846031162,-0.705193071611835,-0.724704704840528,0.6666666666666666,1.0,0.8
A12J6O77R7WG93,1,0,0,1.0,0.5,0.6666666666666666,0.18949515396883798,-0.20519307161183498,-0.05803803817386133,1.0,0.5,0.6666666666666666
A3LUETNYKSGBFY,1,1,1,0.8,0.7272727272727273,0.761904761904762,-0.010504846031161974,0.022079655660892317,0.037200057064234016,1.0,1.0,1.0
AAAZWVXNMLBRL,2,1,0.5,1.0,0.9090909090909092,0.95,0.18949515396883798,0.2038978374790742,0.225295295159472,1.0,1.0,1.0
AYFYJ0OJ822QN,1,1,1,0.0,0.0,0,-0.810504846031162,-0.705193071611835,-0.724704704840528,1.0,1.0,1.0
A2CTQ6SUN2RIC4,3,0,0.0,0.6666666666666666,0.16847826086956522,0.25874125874125875,-0.1438381793644954,-0.5367148107422698,-0.4659634460992692,0.9393939393939394,0.4842132505175984,0.6238383838383839
A18ZUFGMNOVI2Y,2,1,0.5,0.85,0.6521739130434783,0.7121212121212122,0.03949515396883796,-0.053019158568356706,-0.012583492719315803,0.9782608695652174,0.9782608695652174,0.9782608695652174
A1YJKLVJW1FE33,2,0,0.0,0.4166666666666667,0.35714285714285715,0.3846153846153846,-0.39383817936449533,-0.3480502144689778,-0.3400893202251434,0.2777777777777778,0.35714285714285715,0.31250000000000006
AZGBKAM5JUV5A,16,14,0.875,0.9886363636363636,0.9417613636363636,0.9603475228475229,0.17813151760520163,0.23656829202452867,0.23564281800699494,1.0,0.9910714285714286,0.9951923076923077
APG8FREAKLXMG,5,3,0.6,0.9266666666666666,0.8428571428571429,0.8649572649572649,0.11616182063550462,0.13766407124530788,0.14025256011673692,1.0,0.9428571428571428,0.9666666666666666
A23RHCS09VH072,7,5,0.7142857142857143,0.8589569160997733,0.7831632653061225,0.8023311888858108,0.0484520700686113,0.07797019369428748,0.07762648404528283,0.7976190476190476,1.0,0.8428571428571429
A3DTBL9NV7SDQC,6,0,0.0,0.736068376068376,0.806998556998557,0.6745876795786052,-0.07443646996278597,0.10180548538672207,-0.05011702526192274,0.736068376068376,0.806998556998557,0.6745876795786052
A20MUNY2OLDCLC,1,1,1,1.0,0.6666666666666666,0.8,0.18949515396883798,-0.03852640494516835,0.07529529515947209,1.0,1.0,1.0
A3AFYJC1KL8I13,2,0,0.0,0.75,0.875,0.7619047619047619,-0.06050484603116202,0.16980692838816502,0.037200057064233905,0.75,0.875,0.7619047619047619
A1PZF5G2I2XK8R,1,1,1,1.0,1.0,1.0,0.18949515396883798,0.294806928388165,0.27529529515947204,1.0,1.0,1.0
A8P2CCZS7ZBQP,6,3,0.5,0.9444444444444444,0.7857142857142857,0.8381618381618382,0.1339395984132824,0.08052121410245072,0.11345713332131024,0.9537037037037037,0.9523809523809523,0.951734539969834
A4SDGG5X5IAD6,3,2,0.6666666666666666,0.8333333333333334,0.6805555555555556,0.6285714285714286,0.022828487302171352,-0.024637516056279396,-0.0961332762690994,1.0,0.9583333333333334,0.9777777777777777
AAXX5LDVJ32F8,2,2,1.0,1.0,0.8541666666666667,0.9212121212121211,0.18949515396883798,0.14897359505483176,0.1965074163715932,1.0,1.0,1.0
A2ZRJMJTE6ID97,18,18,1.0,1.0,1.0,1.0,0.18949515396883798,0.294806928388165,0.27529529515947204,1.0,1.0,1.0
A1VPE05UDNFKGV,1,1,1,1.0,1.0,1.0,0.18949515396883798,0.294806928388165,0.27529529515947204,1.0,1.0,1.0
ADW969XQFSE3I,18,16,0.8888888888888888,0.8924769808827779,0.8809205756669526,0.874207905199001,0.08197213485161592,0.1757275040551176,0.1495032003584731,0.9917695473251031,0.98989898989899,0.9899999999999999
A19RIGC12IFHQ,1,0,0,1.0,0.8333333333333334,0.9090909090909091,0.18949515396883798,0.1281402617214984,0.1843862042503811,1.0,0.8333333333333334,0.9090909090909091
A2HNL20X0Q9BP0,18,18,1.0,0.8691520467836258,0.8891158827753032,0.8622457326772661,0.05864720075246377,0.1839228111634682,0.13754102783673816,1.0,1.0,1.0
A2DLH5XGBNYXWS,1,0,0,0.0,0.0,0,-0.810504846031162,-0.705193071611835,-0.724704704840528,0.7272727272727273,1.0,0.8421052631578948
A2KG59JUICJLP0,5,5,1.0,0.7853174603174603,0.7934782608695652,0.7475930521091811,-0.025187385713701715,0.08828518925773021,0.022888347268653186,1.0,1.0,1.0
A17JNO43TQ6DZT,18,18,1.0,0.9624060150375942,0.9046390405086057,0.9164021164021163,0.15190116900643214,0.1994459688967707,0.19169741156158837,1.0,1.0,1.0
A3W1BZJDOLEW9P,14,9,0.6428571428571429,0.7996598639455782,0.768752856873975,0.7644805290537268,-0.01084498208558382,0.06355978526214001,0.03977582421319881,0.9229148181011535,0.9764862466725821,0.9336291038154392
AYPI4JAC87BUI,1,1,1,0.8,0.5,0.6153846153846154,-0.010504846031161974,-0.20519307161183498,-0.10932008945591254,1.0,1.0,1.0
A3MIIUL4O2DPY7,2,2,1.0,0.25,0.5,0.3333333333333333,-0.560504846031162,-0.20519307161183498,-0.39137137150719464,1.0,1.0,1.0
AZL5V53B7C7L6,2,1,0.5,0.5833333333333334,0.6666666666666666,0.39285714285714285,-0.22717151269782865,-0.03852640494516835,-0.3318475619833851,0.5833333333333334,1.0,0.6428571428571428
A12R2U6TBB3OOG,18,14,0.7777777777777778,0.8811026936026936,0.8698161741640001,0.8636604650493538,0.07059784757153154,0.16462310255216517,0.13895576020882583,1.0,0.9841269841269841,0.9907407407407408
A9UBPUEWAMA06,1,0,0,1.0,0.5,0.6666666666666666,0.18949515396883798,-0.20519307161183498,-0.05803803817386133,1.0,1.0,1.0
A5ACBHV38DICN,18,18,1.0,0.9227207977207977,0.923100048100048,0.9041005291005292,0.11221595168963572,0.217906976488213,0.17939582426000122,1.0,1.0,1.0
A1OKRTF0JVITHL,18,16,0.8888888888888888,0.9444444444444443,0.9254148629148629,0.9188052688052688,0.1339395984132823,0.22022179130302788,0.19410056396474085,0.9930555555555556,0.9791666666666666,0.9834757834757836
AYH8J0DEVUYAR,12,12,1.0,0.6652347652347652,0.651730817491687,0.6159953880542115,-0.1452700807963968,-0.053462254120147934,-0.10870931678631646,1.0,1.0,1.0
ANVQHOZD9JWYK,3,0,0.0,0.5817805383022774,0.7777777777777778,0.5078563411896745,-0.22872430772888463,0.07258470616594281,-0.21684836365085347,0.5817805383022774,0.7777777777777778,0.5078563411896745
ATOPSQ6JDYZ6H,1,0,0,0.0,0.0,0,-0.810504846031162,-0.705193071611835,-0.724704704840528,0.0,0.0,0
AASDDAZ8CP830,2,0,0.0,0.5,0.08333333333333333,0.14285714285714285,-0.310504846031162,-0.6218597382785016,-0.5818475619833852,1.0,1.0,1.0
A38447E1ACQHGR,4,4,1.0,0.6375,0.7132936507936507,0.6,-0.17300484603116206,0.008100579181815726,-0.12470470484052798,1.0,1.0,1.0
A3FR8XRR269X70,1,1,1,0.8888888888888888,0.34782608695652173,0.5,0.07838404285772682,-0.35736698465531325,-0.22470470484052796,1.0,1.0,1.0
A2OOOVLDSZDXMS,3,3,1.0,0.6666666666666666,0.375,0.4786324786324786,-0.1438381793644954,-0.330193071611835,-0.24607222620804936,1.0,1.0,1.0
A3KZSJQWDB2AGP,6,3,0.5,0.7962962962962963,0.592391304347826,0.660218253968254,-0.014208549734865739,-0.11280176726400892,-0.064486450872274,0.926731078904992,0.8202495974235104,0.8597116785522583
A1XF7UK5NWBHNQ,3,2,0.6666666666666666,0.8333333333333334,0.9444444444444444,0.8585858585858586,0.022828487302171352,0.23925137283260944,0.1338811537453306,1.0,0.9444444444444444,0.9696969696969697
A18T67NDI2JK5Y,4,2,0.5,0.6,0.662878787878788,0.6082251082251082,-0.21050484603116204,-0.04231428373304702,-0.11647959661541973,1.0,1.0,1.0
A2NSYLARWXDBCL,18,17,0.9444444444444444,0.9494301994301995,0.819537246167681,0.8507737432097834,0.13892535339903744,0.114344174555846,0.12606903836925543,1.0,0.9841269841269841,0.9907407407407408
A03922113RU44GENR8ATX,13,11,0.8461538461538461,0.884090909090909,0.8017887909192257,0.8261720735404946,0.07358606305974702,0.09659571930739075,0.10146736869996664,0.9814102564102565,0.9790209790209791,0.9800483204738523
A1MDMWZH08R3TI,1,1,1,1.0,1.0,1.0,0.18949515396883798,0.294806928388165,0.27529529515947204,1.0,1.0,1.0
A111JI6APXR6QV,3,1,0.3333333333333333,0.6111111111111112,0.5714285714285714,0.5897435897435896,-0.19939373492005086,-0.13376450018326358,-0.1349611150969383,1.0,0.9166666666666666,0.9523809523809523
ATHS9CW2FLYUY,1,1,1,0.0,0.0,0,-0.810504846031162,-0.705193071611835,-0.724704704840528,1.0,1.0,1.0
A7X2K7IW80TBU,1,0,0,0.8181818181818182,0.8181818181818182,0.8181818181818182,0.007676972150656214,0.11298874656998326,0.09347711334129027,0.8461538461538461,1.0,0.9166666666666666
A2LKGMMTO4DC4Z,1,0,0,0.6666666666666666,1.0,0.8,-0.1438381793644954,0.294806928388165,0.07529529515947209,0.6666666666666666,1.0,0.8
A3P9OTCAYB6E9V,2,1,0.5,0.5,0.25,0.3333333333333333,-0.310504846031162,-0.455193071611835,-0.39137137150719464,1.0,0.75,0.8333333333333333
A346UAH34GVOZX,2,2,1.0,0.75,0.875,0.8,-0.06050484603116202,0.16980692838816502,0.07529529515947209,1.0,1.0,1.0
ASMH2HE8O60XC,18,3,0.16666666666666666,0.0902777777777778,0.053240740740740734,0.06250000000000001,-0.7202270682533842,-0.6519523308710943,-0.662204704840528,0.7707567529935951,0.7839963646123066,0.7550765578908853
AXFR7YKAC6GND,1,0,0,0.5555555555555556,0.7142857142857143,0.6250000000000001,-0.25494929047560644,0.009092642673879325,-0.09970470484052785,1.0,0.8571428571428571,0.923076923076923
AO6M37NNCWXSF,1,1,1,0.6666666666666666,1.0,0.8,-0.1438381793644954,0.294806928388165,0.07529529515947209,1.0,1.0,1.0
A1640H4RXH8NZE,3,3,1.0,0.9393939393939394,0.9393939393939394,0.9393939393939394,0.12888909336277743,0.23420086778210447,0.2146892345534115,1.0,1.0,1.0
A21ZAMU19VL465,1,1,1,0.6923076923076923,0.8181818181818182,0.7500000000000001,-0.11819715372346973,0.11298874656998326,0.025295295159472153,1.0,1.0,1.0
A1XWYM32PN3RTY,1,0,0,0.8181818181818182,0.8181818181818182,0.8181818181818182,0.007676972150656214,0.11298874656998326,0.09347711334129027,0.7333333333333333,1.0,0.846153846153846
A2HHQJVM3JJQ8F,2,1,0.5,0.6777777777777778,0.5625,0.6018099547511313,-0.1327270682533842,-0.14269307161183498,-0.12289475008939665,0.7777777777777778,0.8125,0.7941176470588236
A2RMQFCSUFD6F6,18,15,0.8333333333333334,0.9289303289303289,0.8506937909111822,0.8727348782904337,0.11842548289916688,0.14550071929934727,0.14803017344990577,0.9924242424242424,0.9663482652613087,0.9778659611992945
A3UH5KXMS7AQS3,3,1,0.3333333333333333,0.7727272727272727,0.8203463203463204,0.7558190601668863,-0.03777757330388931,0.1151532487344854,0.03111435532635831,0.7727272727272727,0.9393939393939394,0.8282828282828283
