AEK2CJMRPTBN5,17,13,0.7647058823529411,0.790819964349376,0.7029257684628529,0.7319261311147722,+-0.0196848816818,+-0.00226730314898,+0.00722142627424,0.9764705882352941,0.9656862745098039,0.968627450980392
A2MVQGP9T5Q5FS,1,1,1,1.0,1.0,1.0,+0.189495153969,+0.294806928388,+0.275295295159,1.0,1.0,1.0
ACMSW49N239AC,1,0,0,0.1,0.043478260869565216,0.06060606060606061,+-0.710504846031,+-0.661714810742,+-0.664098644234,0.1,0.043478260869565216,0.06060606060606061
ADN6I9ITJWFNL,13,13,1.0,0.8262820512820512,0.7827341740385219,0.777068639967137,+0.0157772052509,+0.0775411024267,+0.0523639351266,1.0,1.0,1.0
A3NHJPE6326P9V,4,2,0.5,0.7999999999999999,0.75,0.757020757020757,+-0.0105048460312,+0.0448069283882,+0.0323160521802,0.96875,0.90625,0.9330357142857143
A2QNMH7AWCFPL1,9,6,0.6666666666666666,0.5983164983164982,0.5538720538720538,0.5671674005007338,+-0.212188347715,+-0.15132101774,+-0.15753730434,0.837962962962963,0.8194444444444444,0.8273809523809523
A3MFHNI3OVDV2G,1,1,1,0.8333333333333334,0.7142857142857143,0.7692307692307692,+0.0228284873022,+0.00909264267388,+0.0445260643902,1.0,1.0,1.0
A1R4Y1TEMWJNT4,18,14,0.7777777777777778,0.8320761029094361,0.806132407581683,0.7974797496019399,+0.0215712568783,+0.10093933597,+0.0727750447614,0.9798005698005698,0.963674007152268,0.9708214624881292
A3P0LQCNIXWOVJ,18,3,0.16666666666666666,0.11111111111111113,0.0763888888888889,0.08888888888888888,+-0.69939373492,+-0.628804182723,+-0.635815815952,0.8545454545454546,0.7372974918264774,0.7598988869066002
A1CQF8BN4H2IQZ,1,0,0,0.8333333333333334,0.7142857142857143,0.7692307692307692,+0.0228284873022,+0.00909264267388,+0.0445260643902,0.8333333333333334,0.7142857142857143,0.7692307692307692
ACJR2IADLW6HD,1,1,1,0.0,0.0,0,+-0.810504846031,+-0.705193071612,+-0.724704704841,1.0,1.0,1.0
A3EBUBRYCKB6AF,1,0,0,1.0,1.0,1.0,+0.189495153969,+0.294806928388,+0.275295295159,1.0,1.0,1.0
A25QS426U0L4ND,2,1,0.5,0.5,0.5,0.5,+-0.310504846031,+-0.205193071612,+-0.224704704841,1.0,0.6666666666666666,0.75
A1P7NVEWVZE133,3,1,0.3333333333333333,0.3333333333333333,0.3333333333333333,0.3333333333333333,+-0.477171512698,+-0.371859738279,+-0.391371371507,0.9722222222222222,0.8260869565217391,0.8761904761904762
A243U9BA8M2EY9,1,0,0,0.0,0.0,0,+-0.810504846031,+-0.705193071612,+-0.724704704841,0.0,0.0,0
AFQKLIYNCVZTL,5,3,0.6,0.8380165289256198,0.7777777777777778,0.7092222222222222,+0.0275116828945,+0.0725847061659,+-0.0154824826183,0.8380165289256198,0.8777777777777778,0.775888888888889
AIJEWX92UW722,1,1,1,1.0,1.0,1.0,+0.189495153969,+0.294806928388,+0.275295295159,1.0,1.0,1.0
AW0IWJHAE6IES,4,3,0.75,0.95,0.7157738095238095,0.808974358974359,+0.139495153969,+0.010580737912,+0.0842696541338,0.9375,0.9642857142857143,0.95
A3265QTYKPZMC6,2,1,0.5,1.0,1.0,1.0,+0.189495153969,+0.294806928388,+0.275295295159,1.0,1.0,1.0
A1LB4EJUIYDMYJ,2,2,1.0,0.7552447552447552,0.6590909090909092,0.6994134897360704,+-0.0552600907864,+-0.0461021625209,+-0.0252912151045,1.0,1.0,1.0
A158PF19CNYVS0,1,1,1,1.0,1.0,1.0,+0.189495153969,+0.294806928388,+0.275295295159,1.0,1.0,1.0
ARQYCKZLIPXFH,1,1,1,1.0,0.375,0.5454545454545454,+0.189495153969,+-0.330193071612,+-0.179250159386,1.0,1.0,1.0
A1SVY6OLOUWIOZ,12,12,1.0,0.7947360509860509,0.8047889610389611,0.7862689053865526,+-0.0157687950451,+0.0995958894271,+0.061564200546,1.0,1.0,1.0
A2A9EWTHDTEX1R,2,1,0.5,0.9,0.75,0.7777777777777778,+0.0894951539688,+0.0448069283882,+0.0530730729372,0.9,1.0,0.9444444444444444
A1EUFLTY56TF0B,3,3,1.0,0.8376068376068376,0.7427536231884058,0.7560846560846561,+0.0271019915757,+0.0375605515766,+0.0313799512441,1.0,1.0,1.0
A3GE7CHWBLELVD,1,1,1,1.0,1.0,1.0,+0.189495153969,+0.294806928388,+0.275295295159,1.0,1.0,1.0
A185M4X8HLC539,1,0,0,1.0,1.0,1.0,+0.189495153969,+0.294806928388,+0.275295295159,1.0,1.0,1.0
A3FVEEK2ETHQ6Y,1,0,0,0.0,0.0,0,+-0.810504846031,+-0.705193071612,+-0.724704704841,0.0,0.0,0
A3GW4QYXG1OXFW,4,3,0.75,0.9807692307692307,0.7976190476190477,0.8472222222222222,+0.170264384738,+0.0924259760072,+0.122517517382,0.9821428571428571,0.9821428571428571,0.9821428571428571
A154F2HAJMLP17,1,0,0,0.0,0.0,0,+-0.810504846031,+-0.705193071612,+-0.724704704841,1.0,0.25,0.4
A2D4N5OITN925S,14,12,0.8571428571428571,0.8535768153415212,0.7599637681159421,0.7895124716553288,+0.0430719693104,+0.0547706965041,+0.0648077668148,0.9910714285714286,0.9910714285714286,0.9910714285714286
A3857424R8YR3Y,1,1,1,1.0,1.0,1.0,+0.189495153969,+0.294806928388,+0.275295295159,1.0,1.0,1.0
ALK9TDKJATMQX,18,12,0.6666666666666666,0.8172569379091118,0.7495224850297314,0.7447532947532947,+0.00675209187795,+0.0443294134179,+0.0200485899128,0.9407407407407407,0.9212962962962964,0.929541722645171
A3EEWSPD9OA2U0,3,2,0.6666666666666666,0.9095238095238095,0.8928571428571429,0.8915343915343916,+0.0990189634926,+0.187664071245,+0.166829686694,1.0,1.0,1.0
A33SKJTJTE5H3C,9,7,0.7777777777777778,0.9629629629629629,0.832384403036577,0.8821840927104084,+0.152458116932,+0.127191331425,+0.15747938787,0.9629629629629629,0.9265873015873015,0.9426129426129425
A2KTGGDRFBK3A8,1,1,1,1.0,1.0,1.0,+0.189495153969,+0.294806928388,+0.275295295159,1.0,1.0,1.0
AF52MD4ZG2CYV,14,12,0.8571428571428571,0.8606524427952998,0.8131800480402964,0.8323761100723683,+0.0501475967641,+0.107986976428,+0.107671405232,0.9228571428571428,0.9285714285714285,0.9255952380952381
A3BPY4DP4DCL6F,1,0,0,0.5333333333333333,1.0,0.6956521739130436,+-0.277171512698,+0.294806928388,+-0.0290525309275,0.5333333333333333,1.0,0.6956521739130436
AOWGCWZ7X00RX,1,0,0,0.0,0.0,0,+-0.810504846031,+-0.705193071612,+-0.724704704841,1.0,0.4444444444444444,0.6153846153846153
A2ZMXBMLTPSS4D,2,2,1.0,1.0,0.875,0.9285714285714286,+0.189495153969,+0.169806928388,+0.203866723731,1.0,1.0,1.0
A1NPFJYWQH814I,7,3,0.42857142857142855,1.0,0.7962141378290446,0.8422480103152372,+0.189495153969,+0.0910210662172,+0.117543305475,1.0,0.7962141378290446,0.8422480103152372
A2LKXXNT29E29Y,1,1,1,0.75,0.2727272727272727,0.39999999999999997,+-0.0605048460312,+-0.432465798885,+-0.324704704841,1.0,1.0,1.0
A2SPHNTPIDGC55,2,2,1.0,1.0,0.75,0.8333333333333333,+0.189495153969,+0.0448069283882,+0.108628628493,1.0,1.0,1.0
A2Y59SQMTEKIPD,17,11,0.6470588235294118,0.5386396780258673,0.6012785878514779,0.5148037468106672,+-0.271865168005,+-0.10391448376,+-0.20990095803,0.9503353973168214,0.9957983193277311,0.9596858435406622
A8H6S1DAWAA1V,2,1,0.5,0.8125,0.6388888888888888,0.6923076923076923,+0.00199515396884,+-0.0663041827229,+-0.0323970125328,0.8125,0.6388888888888888,0.6923076923076923
A2COSIJ0PXHLP0,3,3,1.0,0.9333333333333333,0.5052910052910052,0.6495726495726495,+0.122828487302,+-0.199902066321,+-0.0751320552679,1.0,1.0,1.0
AC6F9EZE9MG1V,1,0,0,0.0,0.0,0,+-0.810504846031,+-0.705193071612,+-0.724704704841,0.5,1.0,0.6666666666666666
A1ECLPJ8TOEKJ3,18,2,0.1111111111111111,0.7732323232323233,0.5831146175349072,0.621346492119439,+-0.0372725227988,+-0.122078454077,+-0.103358212721,0.7732323232323233,0.5831146175349072,0.621346492119439
AKHO08K69B4Y4,1,1,1,1.0,0.6666666666666666,0.8,+0.189495153969,+-0.0385264049452,+0.0752952951595,1.0,1.0,1.0
AVMIXXCHPD291,1,0,0,1.0,0.75,0.8571428571428571,+0.189495153969,+0.0448069283882,+0.132438152302,1.0,0.75,0.8571428571428571
A2GTN3XHBTF1MH,1,1,1,1.0,1.0,1.0,+0.189495153969,+0.294806928388,+0.275295295159,1.0,1.0,1.0
ALJMDVY95Y5G4,3,3,1.0,0.8492063492063493,0.8492063492063493,0.8461538461538461,+0.0387015031752,+0.144013277595,+0.121449141313,1.0,1.0,1.0
A304QFJ4DO34Z8,2,0,0.0,0.2727272727272727,0.5,0.3529411764705882,+-0.537777573304,+-0.205193071612,+-0.37176352837,0.425,0.875,0.5333333333333332
A3I9XLIHPPWPN1,2,2,1.0,1.0,0.75,0.8333333333333333,+0.189495153969,+0.0448069283882,+0.108628628493,1.0,1.0,1.0
A1XTTW41VO1XGQ,2,2,1.0,0.5,0.375,0.42857142857142855,+-0.310504846031,+-0.330193071612,+-0.296133276269,1.0,1.0,1.0
A2DV5UGDVXZ4YO,1,0,0,1.0,0.6666666666666666,0.8,+0.189495153969,+-0.0385264049452,+0.0752952951595,1.0,1.0,1.0
A36ZLJKXCC5REN,5,0,0.0,0.26969696969696966,0.325,0.28190476190476194,+-0.540807876334,+-0.380193071612,+-0.442799942936,0.48969696969696974,0.6583333333333334,0.5384704184704184
A29N2NWVXHVLDV,18,8,0.4444444444444444,0.843999518999519,0.8122046029654726,0.7983032075137338,+0.0334946729684,+0.107011531354,+0.0735985026732,0.9148148148148147,0.8627645502645503,0.8671973356755966
A1323ZPP9VMFY,1,1,1,0.8181818181818182,0.8181818181818182,0.8181818181818182,+0.00767697215066,+0.11298874657,+0.0934771133413,1.0,1.0,1.0
A167SYXGXFU7C8,1,0,0,0.0,0.0,0,+-0.810504846031,+-0.705193071612,+-0.724704704841,0.5333333333333333,1.0,0.6956521739130436
AB85I9UI54YLM,1,0,0,1.0,1.0,1.0,+0.189495153969,+0.294806928388,+0.275295295159,1.0,1.0,1.0
A19OH5PQ7ZZ6UV,4,4,1.0,0.7,0.6247412008281573,0.6270833333333333,+-0.110504846031,+-0.0804518707837,+-0.0976213715072,1.0,1.0,1.0
A1JP58Y4XAT7EU,1,1,1,1.0,1.0,1.0,+0.189495153969,+0.294806928388,+0.275295295159,1.0,1.0,1.0
A2V0KT4Q3KR9E7,4,2,0.5,0.5249999999999999,0.5386904761904762,0.5272727272727272,+-0.285504846031,+-0.166502595421,+-0.197431977568,0.9583333333333334,0.9583333333333334,0.9583333333333334
A1KAGE2AVL6ZGO,7,6,0.8571428571428571,0.8571428571428571,0.8282312925170068,0.80989010989011,+0.0466380111117,+0.123038220905,+0.0851854050496,1.0,0.9591836734693877,0.9761904761904762
A3SB7UDTB45F8N,15,7,0.4666666666666667,0.43939273689273683,0.48899868247694334,0.4437562747933748,+-0.371112109138,+-0.216194389135,+-0.280948430047,0.696547619047619,0.726190476190476,0.7042596348884382
A1R4O3JMD41ML8,3,3,1.0,0.6071428571428571,0.6811594202898551,0.6004489337822672,+-0.203361988888,+-0.024033651322,+-0.124255771058,1.0,1.0,1.0
AZV195E9JW7ZH,1,0,0,0.8,1.0,0.888888888888889,+-0.0105048460312,+0.294806928388,+0.164184184048,0.75,0.75,0.75
A1RF7JE545EPAD,3,1,0.3333333333333333,0.7916666666666666,0.625,0.5740740740740741,+-0.0188381793645,+-0.0801930716118,+-0.150630630766,0.7916666666666666,0.625,0.5740740740740741
A2UD295CIKI9F,3,2,0.6666666666666666,0.33333333333333337,0.2777777777777778,0.303030303030303,+-0.477171512698,+-0.427415293834,+-0.42167440181,1.0,1.0,1.0
AHSY0VVGL4XQD,17,12,0.7058823529411765,0.8423282599753188,0.7480735377154816,0.7518741148772108,+0.0318234139442,+0.0428804661036,+0.0271694100367,1.0,0.9705882352941176,0.9803921568627451
A2XEJ4VQ6WZCSE,1,0,0,1.0,0.13043478260869565,0.23076923076923078,+0.189495153969,+-0.574758289003,+-0.493935474071,1.0,0.9565217391304348,0.9777777777777777
ACM2EBNMLJO9D,1,0,0,1.0,1.0,1.0,+0.189495153969,+0.294806928388,+0.275295295159,1.0,1.0,1.0
A37L9WI5SQM83H,4,2,0.5,0.5397727272727273,0.6388888888888888,0.5224137931034483,+-0.270732118758,+-0.0663041827229,+-0.202290911737,0.9868421052631579,1.0,0.9932432432432432
A2RMJNF6IPI42F,18,10,0.5555555555555556,0.7503561253561254,0.7057383705934429,0.6921321476877031,+-0.060148720675,+0.000545298981608,+-0.0325725571528,0.9848773167486616,0.990981240981241,0.9874402974402975
A1H83UBDQMKMN1,2,0,0.0,0.3333333333333333,0.5,0.4,+-0.477171512698,+-0.205193071612,+-0.324704704841,0.7333333333333334,0.75,0.7076923076923077
A255Z4U24Y2SP8,3,2,0.6666666666666666,0.6571428571428571,0.4166666666666667,0.4592592592592593,+-0.153361988888,+-0.288526404945,+-0.265445445581,0.8571428571428571,0.8333333333333334,0.8444444444444444
AMHZ8D856PO3F,18,9,0.5,0.49827441077441076,0.5910206272525113,0.5004442161840208,+-0.312230435257,+-0.114172444359,+-0.224260488657,0.8972578347578347,0.9417087542087542,0.9057539682539683
AQW67R8JPMU85,1,0,0,0.5,1.0,0.6666666666666666,+-0.310504846031,+0.294806928388,+-0.0580380381739,0.5,1.0,0.6666666666666666
ATU5UBFMPVJ83,1,0,0,0.6,0.3333333333333333,0.42857142857142855,+-0.210504846031,+-0.371859738279,+-0.296133276269,0.6,0.3333333333333333,0.42857142857142855
A11INOLBSOUEVA,4,2,0.5,0.625,0.5833333333333333,0.5416666666666667,+-0.185504846031,+-0.121859738279,+-0.183038038174,0.8888888888888888,0.9285714285714286,0.90625
A33XXKGG4SP92D,1,1,1,1.0,0.8333333333333334,0.9090909090909091,+0.189495153969,+0.128140261721,+0.18438620425,1.0,1.0,1.0
A315I4VR5PQ7M2,1,1,1,0.9090909090909091,0.5555555555555556,0.6896551724137931,+0.0985860630597,+-0.149637516056,+-0.0350495324267,1.0,1.0,1.0
A1C726O0DAGK17,5,2,0.4,0.36,0.3,0.31111111111111106,+-0.450504846031,+-0.405193071612,+-0.413593593729,0.75,0.85,0.7833333333333333
A2KYR3GRQT2EL0,2,2,1.0,0.5625,0.6086956521739131,0.4946236559139785,+-0.248004846031,+-0.0964974194379,+-0.230081048927,1.0,1.0,1.0
A10BH9PYCYUKDJ,3,3,1.0,1.0,0.7361111111111112,0.8181818181818182,+0.189495153969,+0.0309180394993,+0.0934771133413,1.0,1.0,1.0
AFSB8WBSUU2B4,1,0,0,1.0,0.6666666666666666,0.8,+0.189495153969,+-0.0385264049452,+0.0752952951595,1.0,0.16666666666666666,0.2857142857142857
A3FVUXM0IHPXYO,1,0,0,0.0,0.0,0,+-0.810504846031,+-0.705193071612,+-0.724704704841,1.0,0.75,0.8571428571428571
A3O81LHBBI8NPK,1,0,0,0.0,0.0,0,+-0.810504846031,+-0.705193071612,+-0.724704704841,1.0,0.3333333333333333,0.5
A37WDOIQH6JM6V,2,1,0.5,0.875,0.7916666666666667,0.8295454545454546,+0.0644951539688,+0.0864735950548,+0.104840749705,1.0,0.9166666666666667,0.9545454545454546
AURYD2FH3FUOQ,18,13,0.7222222222222222,0.8827516619183287,0.8671419160549595,0.8531484673641535,+0.0722468158872,+0.161948844443,+0.128443762524,0.9621212121212119,0.9443742985409651,0.9426869426869426
A3NRGIQSHCLOV3,1,0,0,0.8,1.0,0.888888888888889,+-0.0105048460312,+0.294806928388,+0.164184184048,0.8,1.0,0.888888888888889
A2BJT8I6ZAV8MU,4,0,0.0,0.3928571428571429,0.45166925465838514,0.4082167832167832,+-0.417647703174,+-0.253523816953,+-0.316487921624,0.9891304347826088,0.9177018633540373,0.947463768115942
A2Y4R2BHAY7H2B,1,0,0,1.0,0.5,0.6666666666666666,+0.189495153969,+-0.205193071612,+-0.0580380381739,1.0,0.5,0.6666666666666666
AZBHD78KQMIKB,4,1,0.25,0.09803921568627451,0.1607142857142857,0.12083333333333333,+-0.712465630345,+-0.544478785898,+-0.603871371507,0.28260869565217395,0.35714285714285715,0.30000000000000004
AWX4LIGWKDFF,2,0,0.0,0.5,0.0625,0.1111111111111111,+-0.310504846031,+-0.642693071612,+-0.613593593729,1.0,0.1875,0.3111111111111111
AYFOAD75CRBKE,18,14,0.7777777777777778,0.7109126984126986,0.6796562937867286,0.673580586080586,+-0.0995921476185,+-0.0255367778251,+-0.0511241187599,1.0,0.9868125701459035,0.9928571428571428
A2Z6QUQZF8954Y,1,1,1,0.8,0.5,0.6153846153846154,+-0.0105048460312,+-0.205193071612,+-0.109320089456,1.0,1.0,1.0
A1B7HJPGMX4TU3,6,4,0.6666666666666666,0.7005050505050505,0.6693840579710145,0.6487438487438487,+-0.109999795526,+-0.0358090136408,+-0.0759608560967,0.8333333333333334,0.8333333333333334,0.8333333333333334
A3TAFJGK9RSPB,13,12,0.9230769230769231,0.9167832167832167,0.8638209616470486,0.8781154742693206,+0.106278370752,+0.158627890035,+0.153410769429,1.0,0.9903846153846154,0.9948717948717949
A2IICH6KZZB6XF,15,5,0.3333333333333333,0.6932234432234432,0.7094798920885877,0.6434201220316227,+-0.117281402808,+0.00428682047675,+-0.0812845828089,0.6763403263403264,0.7835309617918313,0.6903174170490511
A2SBUN0TST2AZ8,17,12,0.7058823529411765,0.9534313725490197,0.8068970671272462,0.8555131143366438,+0.142926526518,+0.101703995515,+0.130808409496,0.9932126696832578,0.9381843646549528,0.9605442176870748
ACCY48FRTI0E9,1,0,0,0.0,0.0,0,+-0.810504846031,+-0.705193071612,+-0.724704704841,0.0,0.0,0
A1XIQNZH1VEFTQ,1,0,0,0.0,0.0,0,+-0.810504846031,+-0.705193071612,+-0.724704704841,1.0,0.5,0.6666666666666666
A14W0IW2KGR80K,2,0,0.0,0.7272727272727273,0.8125,0.763157894736842,+-0.0832321187584,+0.107306928388,+0.0384531898963,0.7272727272727273,0.8125,0.763157894736842
A1VGZ2K3HF66TE,18,4,0.2222222222222222,0.2919191919191919,0.26957070707070707,0.2752715121136174,+-0.518585654112,+-0.435622364541,+-0.449433192727,0.7888802555469223,0.7425884971174825,0.7385844158854584
A35D31QHYQUF9V,3,2,0.6666666666666666,0.9111111111111111,0.7380952380952381,0.804029304029304,+0.10060626508,+0.0329021664834,+0.0793245991888,1.0,1.0,1.0
A1NHFCWPAQNUT6,13,13,1.0,0.9358974358974358,0.9140147292321206,0.9070874861572535,+0.125392589866,+0.20882165762,+0.182382781317,1.0,1.0,1.0
A203HI499F5HCI,3,0,0.0,0.7282828282828283,0.8143939393939394,0.7427065687935254,+-0.0822220177483,+0.109200867782,+0.018001863953,0.7073677956030897,0.8143939393939394,0.7241558441558441
A5N6QK76RTR7R,1,0,0,0.0,0.0,0,+-0.810504846031,+-0.705193071612,+-0.724704704841,1.0,1.0,1.0
AE627VT8OR8A6,3,3,1.0,0.27272727272727276,0.27272727272727276,0.27272727272727276,+-0.537777573304,+-0.432465798885,+-0.451977432113,1.0,1.0,1.0
A35IEM9AICHLN0,18,1,0.05555555555555555,0.05128205128205128,0.047619047619047616,0.049382716049382734,+-0.759222794749,+-0.657574023993,+-0.675321988791,0.7241572316572317,0.7551202152651427,0.70108109561157
A3AMX0BADW0LX7,6,0,0.0,0.27380952380952384,0.2474747474747475,0.25333333333333335,+-0.536695322222,+-0.457718324137,+-0.471371371507,0.541971916971917,0.6641414141414141,0.5501075268817204
A1XD2G6NO4RPA1,1,1,1,1.0,0.8333333333333334,0.9090909090909091,+0.189495153969,+0.128140261721,+0.18438620425,1.0,1.0,1.0
AT5P2JKIUHFYP,1,1,1,0.8571428571428571,0.75,0.7999999999999999,+0.0466380111117,+0.0448069283882,+0.0752952951595,1.0,1.0,1.0
A3IB7YJHP04OHI,1,0,0,0.5555555555555556,0.2777777777777778,0.3703703703703704,+-0.254949290476,+-0.427415293834,+-0.35433433447,0.5555555555555556,0.2777777777777778,0.3703703703703704
AEDA8P1A4WJGZ,1,0,0,0.5,1.0,0.6666666666666666,+-0.310504846031,+0.294806928388,+-0.0580380381739,0.5,1.0,0.6666666666666666
A1HDMCYNBG937V,3,0,0.0,0.8222222222222223,0.7314814814814815,0.7597883597883598,+0.0117173761911,+0.0262884098696,+0.0350836549478,0.8222222222222223,0.7314814814814815,0.7597883597883598
AHZIJXFRI8CUC,1,0,0,1.0,1.0,1.0,+0.189495153969,+0.294806928388,+0.275295295159,1.0,1.0,1.0
A2QZ3E3AEY887V,1,0,0,0.8,0.5,0.6153846153846154,+-0.0105048460312,+-0.205193071612,+-0.109320089456,0.8,0.5,0.6153846153846154
A2MKUZ0K3S7NQU,3,1,0.3333333333333333,0.6666666666666666,0.5833333333333334,0.6190476190476191,+-0.143838179364,+-0.121859738279,+-0.105657085793,0.6666666666666666,0.6666666666666666,0.6666666666666666
A1Y50NM443ITPK,2,2,1.0,0.4,0.2222222222222222,0.2857142857142857,+-0.410504846031,+-0.48297084939,+-0.438990419126,1.0,1.0,1.0
A2J44NKNUFCS68,1,1,1,0.8181818181818182,0.8181818181818182,0.8181818181818182,+0.00767697215066,+0.11298874657,+0.0934771133413,1.0,1.0,1.0
A24BQT7XFB4Y3X,1,0,0,0.0,0.0,0,+-0.810504846031,+-0.705193071612,+-0.724704704841,0.0,0.0,0
A3FMVGPLM6G2R8,3,0,0.0,0.13725490196078433,0.10144927536231885,0.11666666666666667,+-0.67324994407,+-0.60374379625,+-0.608038038174,0.6150326797385621,0.5593617332747768,0.5696581196581196
AWMQYV1RQM94M,2,0,0.0,1.0,0.9166666666666667,0.9545454545454546,+0.189495153969,+0.211473595055,+0.229840749705,1.0,0.9166666666666667,0.9545454545454546
A2CK0OXMPOR9LE,7,4,0.5714285714285714,0.9,0.8061224489795918,0.8102139406487233,+0.0894951539688,+0.100929377368,+0.0855092358082,1.0,0.8775510204081634,0.9213250517598344
A1M7RRHMZDU2GT,8,5,0.625,0.7449929971988796,0.9077380952380952,0.7895609318996416,+-0.0655118488323,+0.202545023626,+0.0648562270591,0.7904962153069807,0.9910714285714286,0.8380591630591631
A2VE5IV9OD2SK1,2,1,0.5,0.6590909090909092,0.9090909090909092,0.7424242424242424,+-0.15141393694,+0.203897837479,+0.0177195375837,1.0,0.9090909090909092,0.95
A12SMSQ6D5227J,2,1,0.5,1.0,0.75,0.8333333333333333,+0.189495153969,+0.0448069283882,+0.108628628493,1.0,1.0,1.0
A1UN6Z74XH149G,4,0,0.0,0.9583333333333334,0.7341269841269842,0.8095804195804196,+0.147828487302,+0.0289339125151,+0.0848757147399,0.9583333333333334,0.7341269841269842,0.8095804195804196
A27XTJ5OY9C8S4,1,1,1,1.0,1.0,1.0,+0.189495153969,+0.294806928388,+0.275295295159,1.0,1.0,1.0
A3BBPCRHAJ61PP,3,1,0.3333333333333333,0.8666666666666667,1.0,0.9259259259259259,+0.0561618206355,+0.294806928388,+0.201221221085,1.0,1.0,1.0
A3IB2VOBA3T9LY,5,5,1.0,0.9,0.9428571428571428,0.9,+0.0894951539688,+0.237664071245,+0.175295295159,1.0,1.0,1.0
A3TQD8CNO16IZK,16,9,0.5625,0.736823593073593,0.7298352311939268,0.7057972182438395,+-0.0736812529576,+0.0246421595821,+-0.0189074865967,0.9574349261849262,0.9806998556998557,0.9671644122827228
A1JVUD5XUB9H48,4,3,0.75,0.6666666666666667,0.6666666666666666,0.65,+-0.143838179364,+-0.0385264049452,+-0.0747047048405,1.0,1.0,1.0
A1HBGAN6P9PCJW,7,4,0.5714285714285714,0.6460317460317461,0.5719260036030223,0.5909760874046589,+-0.164473099999,+-0.133267068009,+-0.133728617436,1.0,0.9332096474953617,0.9619047619047618
A2MIOF3QNY3Y70,1,1,1,1.0,0.8181818181818182,0.9,+0.189495153969,+0.11298874657,+0.175295295159,1.0,1.0,1.0
A12HG43WV4VMOW,5,5,1.0,0.6833333333333333,0.7798136645962733,0.6562347456465104,+-0.127171512698,+0.0746205929844,+-0.068469959194,1.0,1.0,1.0
A2AP81G5LE5U8A,1,1,1,0.9333333333333333,0.6086956521739131,0.7368421052631579,+0.122828487302,+-0.0964974194379,+0.0121374004226,1.0,1.0,1.0
A3S2CI33U988P7,1,0,0,0.8,0.5,0.6153846153846154,+-0.0105048460312,+-0.205193071612,+-0.109320089456,0.8888888888888888,1.0,0.9411764705882353
A1JW7UBUWNA0UG,1,0,0,0.9230769230769231,0.8571428571428571,0.888888888888889,+0.112572077046,+0.151949785531,+0.164184184048,0.9230769230769231,0.8571428571428571,0.888888888888889
A1X0H6VAK3AQE9,4,3,0.75,0.875,0.6666666666666667,0.6856060606060606,+0.0644951539688,+-0.0385264049452,+-0.0390986442345,1.0,1.0,1.0
A3R15RWWHVC7CP,4,4,1.0,0.6678571428571428,0.686335403726708,0.6375,+-0.142647703174,+-0.0188576678851,+-0.0872047048405,1.0,1.0,1.0
A1KH62H92N4L13,1,0,0,0.4444444444444444,0.2222222222222222,0.2962962962962963,+-0.366060401587,+-0.48297084939,+-0.428408408544,0.4444444444444444,0.2222222222222222,0.2962962962962963
A3RA35OTC74TNU,1,1,1,1.0,1.0,1.0,+0.189495153969,+0.294806928388,+0.275295295159,1.0,1.0,1.0
AR6MC5TT8YDLY,1,1,1,1.0,1.0,1.0,+0.189495153969,+0.294806928388,+0.275295295159,1.0,1.0,1.0
A142JF5GBAFDK6,4,0,0.0,0.5525793650793651,0.44146825396825395,0.478505291005291,+-0.257925480952,+-0.263724817644,+-0.246199413835,0.7571248196248196,0.6460137085137085,0.6830507455507455
A2TEWO3WJ5YKGG,1,0,0,0.75,1.0,0.8571428571428571,+-0.0605048460312,+0.294806928388,+0.132438152302,1.0,1.0,1.0
A2Y9H7H882QER6,1,0,0,0.9230769230769231,0.8571428571428571,0.888888888888889,+0.112572077046,+0.151949785531,+0.164184184048,0.9230769230769231,0.8571428571428571,0.888888888888889
A2AAY4VT9L71SY,3,3,1.0,0.16666666666666669,0.33333333333333337,0.2222222222222222,+-0.643838179364,+-0.371859738279,+-0.502482482618,1.0,1.0,1.0
A1V43LOHWAE2AL,1,0,0,0.5,1.0,0.6666666666666666,+-0.310504846031,+0.294806928388,+-0.0580380381739,0.5,1.0,0.6666666666666666
AEHRL61KFSZ73,1,0,0,1.0,1.0,1.0,+0.189495153969,+0.294806928388,+0.275295295159,1.0,1.0,1.0
AUUD28U2O0SPY,4,2,0.5,0.7,0.4945652173913044,0.5656108597285068,+-0.110504846031,+-0.210627854221,+-0.159093845112,0.75,0.6195652173913044,0.661764705882353
A39SX1QZR36L7A,1,1,1,1.0,0.8333333333333334,0.9090909090909091,+0.189495153969,+0.128140261721,+0.18438620425,1.0,1.0,1.0
A1PH1OHTTCHTWN,10,8,0.8,0.8025,0.7931677018633541,0.7697672220252865,+-0.00800484603116,+0.0879746302515,+0.0450625171848,1.0,1.0,1.0
A2929S7JLLYFSW,1,1,1,0.5,1.0,0.6666666666666666,+-0.310504846031,+0.294806928388,+-0.0580380381739,1.0,1.0,1.0
A23S3TBFRILU5H,1,0,0,0.0,0.0,0,+-0.810504846031,+-0.705193071612,+-0.724704704841,1.0,1.0,1.0
A3IF0U05706TE5,1,0,0,0.16666666666666666,1.0,0.2857142857142857,+-0.643838179364,+0.294806928388,+-0.438990419126,0.16666666666666666,1.0,0.2857142857142857
A2KH26WMMTFJUC,1,0,0,0.8,0.5,0.6153846153846154,+-0.0105048460312,+-0.205193071612,+-0.109320089456,0.8,0.5,0.6153846153846154
A22VREP47FRS0N,1,1,1,1.0,0.8333333333333334,0.9090909090909091,+0.189495153969,+0.128140261721,+0.18438620425,1.0,1.0,1.0
AAC5XT7UY7B2K,1,0,0,0.8181818181818182,0.8181818181818182,0.8181818181818182,+0.00767697215066,+0.11298874657,+0.0934771133413,1.0,0.7272727272727273,0.8421052631578948
A1COI3RO5SCKVI,10,9,0.9,0.8552913752913753,0.9157467532467533,0.8764510635563267,+0.0447865292602,+0.210553681635,+0.151746358716,1.0,1.0,1.0
AXH8UCJHSUCUM,2,2,1.0,0.0,0.0,0.0,+-0.810504846031,+-0.705193071612,+-0.724704704841,1.0,1.0,1.0
A14BSSXMEM9PTD,7,7,1.0,0.9361471861471861,0.8857709750566893,0.9005012531328321,+0.125642340116,+0.180577903445,+0.175796548292,1.0,1.0,1.0
ACI6UU4MR30U2,1,1,1,0.0,0.0,0,+-0.810504846031,+-0.705193071612,+-0.724704704841,1.0,1.0,1.0
A3PPRVK6XK6GP5,4,3,0.75,0.9545454545454546,0.9545454545454546,0.9545454545454546,+0.144040608514,+0.249352382934,+0.229840749705,1.0,0.9545454545454546,0.975
A1V6CSBT0WW2OF,1,1,1,1.0,1.0,1.0,+0.189495153969,+0.294806928388,+0.275295295159,1.0,1.0,1.0
A22G3IFRURGMBT,2,2,1.0,0.9,0.875,0.873015873015873,+0.0894951539688,+0.169806928388,+0.148311168175,1.0,1.0,1.0
A1O1UPAIBIDZJ0,12,10,0.8333333333333334,0.8918845315904139,0.9136904761904763,0.8869316957552252,+0.0813796855593,+0.208497404579,+0.162226990915,1.0,1.0,1.0
A15RJPRX0KVUFS,17,12,0.7058823529411765,0.8652406417112298,0.7856704605425834,0.8001891478753594,+0.0547357956801,+0.0804773889307,+0.0754844430348,0.9901960784313726,0.9600840336134454,0.9734970911441498
A39NM64GEBACDE,2,1,0.5,0.5,0.5,0.5,+-0.310504846031,+-0.205193071612,+-0.224704704841,1.0,0.5833333333333333,0.6428571428571428
A2W1C5PDHUF25O,1,1,1,0.25,1.0,0.4,+-0.560504846031,+0.294806928388,+-0.324704704841,1.0,1.0,1.0
A2R819T7EYBI95,2,2,1.0,0.9166666666666667,0.8571428571428572,0.8846153846153846,+0.106161820636,+0.151949785531,+0.159910679775,1.0,1.0,1.0
A2UE8TR7ZJSG1U,2,2,1.0,0.8125,0.7777777777777778,0.7941176470588236,+0.00199515396884,+0.0725847061659,+0.0694129422183,1.0,1.0,1.0
A1RWNYJA5X25YH,2,2,1.0,0.5952380952380952,0.8333333333333333,0.6481481481481481,+-0.215266750793,+0.128140261721,+-0.0765565566924,1.0,1.0,1.0
A1O2E8EN6BBO4G,18,10,0.5555555555555556,0.4425925925925926,0.462962962962963,0.44062850729517394,+-0.367912253439,+-0.242230108649,+-0.284076197545,0.7777777777777777,0.6269919693832738,0.6510596900840803
A36YZCJV91T1EX,4,4,1.0,0.8452380952380952,0.670138888888889,0.7467532467532467,+0.0347332492069,+-0.0350541827229,+0.0220485419127,1.0,1.0,1.0
A1EH9BPKYXFBS5,1,0,0,0.0,0.0,0,+-0.810504846031,+-0.705193071612,+-0.724704704841,0.6666666666666666,1.0,0.8
A12J6O77R7WG93,1,0,0,1.0,0.5,0.6666666666666666,+0.189495153969,+-0.205193071612,+-0.0580380381739,1.0,0.5,0.6666666666666666
A3LUETNYKSGBFY,1,1,1,0.8,0.7272727272727273,0.761904761904762,+-0.0105048460312,+0.0220796556609,+0.0372000570642,1.0,1.0,1.0
AAAZWVXNMLBRL,2,1,0.5,1.0,0.9090909090909092,0.95,+0.189495153969,+0.203897837479,+0.225295295159,1.0,1.0,1.0
AYFYJ0OJ822QN,1,1,1,0.0,0.0,0,+-0.810504846031,+-0.705193071612,+-0.724704704841,1.0,1.0,1.0
A2CTQ6SUN2RIC4,3,0,0.0,0.6666666666666666,0.16847826086956522,0.25874125874125875,+-0.143838179364,+-0.536714810742,+-0.465963446099,0.9393939393939394,0.4842132505175984,0.6238383838383839
A18ZUFGMNOVI2Y,2,1,0.5,0.85,0.6521739130434783,0.7121212121212122,+0.0394951539688,+-0.0530191585684,+-0.0125834927193,0.9782608695652174,0.9782608695652174,0.9782608695652174
A1YJKLVJW1FE33,2,0,0.0,0.4166666666666667,0.35714285714285715,0.3846153846153846,+-0.393838179364,+-0.348050214469,+-0.340089320225,0.2777777777777778,0.35714285714285715,0.31250000000000006
APG8FREAKLXMG,5,3,0.6,0.9266666666666666,0.8428571428571429,0.8649572649572649,+0.116161820636,+0.137664071245,+0.140252560117,1.0,0.9428571428571428,0.9666666666666666
A23RHCS09VH072,7,5,0.7142857142857143,0.8589569160997733,0.7831632653061225,0.8023311888858108,+0.0484520700686,+0.0779701936943,+0.0776264840453,0.7976190476190476,1.0,0.8428571428571429
A3DTBL9NV7SDQC,6,0,0.0,0.736068376068376,0.806998556998557,0.6745876795786052,+-0.0744364699628,+0.101805485387,+-0.0501170252619,0.736068376068376,0.806998556998557,0.6745876795786052
A20MUNY2OLDCLC,1,1,1,1.0,0.6666666666666666,0.8,+0.189495153969,+-0.0385264049452,+0.0752952951595,1.0,1.0,1.0
A3AFYJC1KL8I13,2,0,0.0,0.75,0.875,0.7619047619047619,+-0.0605048460312,+0.169806928388,+0.0372000570642,0.75,0.875,0.7619047619047619
A1PZF5G2I2XK8R,1,1,1,1.0,1.0,1.0,+0.189495153969,+0.294806928388,+0.275295295159,1.0,1.0,1.0
A8P2CCZS7ZBQP,6,3,0.5,0.9444444444444444,0.7857142857142857,0.8381618381618382,+0.133939598413,+0.0805212141025,+0.113457133321,0.9537037037037037,0.9523809523809523,0.951734539969834
A4SDGG5X5IAD6,3,2,0.6666666666666666,0.8333333333333334,0.6805555555555556,0.6285714285714286,+0.0228284873022,+-0.0246375160563,+-0.0961332762691,1.0,0.9583333333333334,0.9777777777777777
AAXX5LDVJ32F8,2,2,1.0,1.0,0.8541666666666667,0.9212121212121211,+0.189495153969,+0.148973595055,+0.196507416372,1.0,1.0,1.0
A1VPE05UDNFKGV,1,1,1,1.0,1.0,1.0,+0.189495153969,+0.294806928388,+0.275295295159,1.0,1.0,1.0
A19RIGC12IFHQ,1,0,0,1.0,0.8333333333333334,0.9090909090909091,+0.189495153969,+0.128140261721,+0.18438620425,1.0,0.8333333333333334,0.9090909090909091
A2DLH5XGBNYXWS,1,0,0,0.0,0.0,0,+-0.810504846031,+-0.705193071612,+-0.724704704841,0.7272727272727273,1.0,0.8421052631578948
A2KG59JUICJLP0,5,5,1.0,0.7853174603174603,0.7934782608695652,0.7475930521091811,+-0.0251873857137,+0.0882851892577,+0.0228883472687,1.0,1.0,1.0
A3W1BZJDOLEW9P,14,9,0.6428571428571429,0.7996598639455782,0.768752856873975,0.7644805290537268,+-0.0108449820856,+0.0635597852621,+0.0397758242132,0.9229148181011535,0.9764862466725821,0.9336291038154392
AYPI4JAC87BUI,1,1,1,0.8,0.5,0.6153846153846154,+-0.0105048460312,+-0.205193071612,+-0.109320089456,1.0,1.0,1.0
A3MIIUL4O2DPY7,2,2,1.0,0.25,0.5,0.3333333333333333,+-0.560504846031,+-0.205193071612,+-0.391371371507,1.0,1.0,1.0
AZL5V53B7C7L6,2,1,0.5,0.5833333333333334,0.6666666666666666,0.39285714285714285,+-0.227171512698,+-0.0385264049452,+-0.331847561983,0.5833333333333334,1.0,0.6428571428571428
A12R2U6TBB3OOG,18,14,0.7777777777777778,0.8811026936026936,0.8698161741640001,0.8636604650493538,+0.0705978475715,+0.164623102552,+0.138955760209,1.0,0.9841269841269841,0.9907407407407408
A9UBPUEWAMA06,1,0,0,1.0,0.5,0.6666666666666666,+0.189495153969,+-0.205193071612,+-0.0580380381739,1.0,1.0,1.0
AYH8J0DEVUYAR,12,12,1.0,0.6652347652347652,0.651730817491687,0.6159953880542115,+-0.145270080796,+-0.0534622541201,+-0.108709316786,1.0,1.0,1.0
ANVQHOZD9JWYK,3,0,0.0,0.5817805383022774,0.7777777777777778,0.5078563411896745,+-0.228724307729,+0.0725847061659,+-0.216848363651,0.5817805383022774,0.7777777777777778,0.5078563411896745
ATOPSQ6JDYZ6H,1,0,0,0.0,0.0,0,+-0.810504846031,+-0.705193071612,+-0.724704704841,0.0,0.0,0
AASDDAZ8CP830,2,0,0.0,0.5,0.08333333333333333,0.14285714285714285,+-0.310504846031,+-0.621859738279,+-0.581847561983,1.0,1.0,1.0
A38447E1ACQHGR,4,4,1.0,0.6375,0.7132936507936507,0.6,+-0.173004846031,+0.00810057918182,+-0.124704704841,1.0,1.0,1.0
A3FR8XRR269X70,1,1,1,0.8888888888888888,0.34782608695652173,0.5,+0.0783840428577,+-0.357366984655,+-0.224704704841,1.0,1.0,1.0
A2OOOVLDSZDXMS,3,3,1.0,0.6666666666666666,0.375,0.4786324786324786,+-0.143838179364,+-0.330193071612,+-0.246072226208,1.0,1.0,1.0
A3KZSJQWDB2AGP,6,3,0.5,0.7962962962962963,0.592391304347826,0.660218253968254,+-0.0142085497349,+-0.112801767264,+-0.0644864508723,0.926731078904992,0.8202495974235104,0.8597116785522583
A1XF7UK5NWBHNQ,3,2,0.6666666666666666,0.8333333333333334,0.9444444444444444,0.8585858585858586,+0.0228284873022,+0.239251372833,+0.133881153745,1.0,0.9444444444444444,0.9696969696969697
A18T67NDI2JK5Y,4,2,0.5,0.6,0.662878787878788,0.6082251082251082,+-0.210504846031,+-0.042314283733,+-0.116479596615,1.0,1.0,1.0
A03922113RU44GENR8ATX,13,11,0.8461538461538461,0.884090909090909,0.8017887909192257,0.8261720735404946,+0.0735860630597,+0.0965957193074,+0.1014673687,0.9814102564102565,0.9790209790209791,0.9800483204738523
A1MDMWZH08R3TI,1,1,1,1.0,1.0,1.0,+0.189495153969,+0.294806928388,+0.275295295159,1.0,1.0,1.0
A111JI6APXR6QV,3,1,0.3333333333333333,0.6111111111111112,0.5714285714285714,0.5897435897435896,+-0.19939373492,+-0.133764500183,+-0.134961115097,1.0,0.9166666666666666,0.9523809523809523
ATHS9CW2FLYUY,1,1,1,0.0,0.0,0,+-0.810504846031,+-0.705193071612,+-0.724704704841,1.0,1.0,1.0
A7X2K7IW80TBU,1,0,0,0.8181818181818182,0.8181818181818182,0.8181818181818182,+0.00767697215066,+0.11298874657,+0.0934771133413,0.8461538461538461,1.0,0.9166666666666666
A2LKGMMTO4DC4Z,1,0,0,0.6666666666666666,1.0,0.8,+-0.143838179364,+0.294806928388,+0.0752952951595,0.6666666666666666,1.0,0.8
A3P9OTCAYB6E9V,2,1,0.5,0.5,0.25,0.3333333333333333,+-0.310504846031,+-0.455193071612,+-0.391371371507,1.0,0.75,0.8333333333333333
A346UAH34GVOZX,2,2,1.0,0.75,0.875,0.8,+-0.0605048460312,+0.169806928388,+0.0752952951595,1.0,1.0,1.0
ASMH2HE8O60XC,18,3,0.16666666666666666,0.0902777777777778,0.053240740740740734,0.06250000000000001,+-0.720227068253,+-0.651952330871,+-0.662204704841,0.7707567529935951,0.7839963646123066,0.7550765578908853
AXFR7YKAC6GND,1,0,0,0.5555555555555556,0.7142857142857143,0.6250000000000001,+-0.254949290476,+0.00909264267388,+-0.0997047048405,1.0,0.8571428571428571,0.923076923076923
AO6M37NNCWXSF,1,1,1,0.6666666666666666,1.0,0.8,+-0.143838179364,+0.294806928388,+0.0752952951595,1.0,1.0,1.0
A1640H4RXH8NZE,3,3,1.0,0.9393939393939394,0.9393939393939394,0.9393939393939394,+0.128889093363,+0.234200867782,+0.214689234553,1.0,1.0,1.0
A21ZAMU19VL465,1,1,1,0.6923076923076923,0.8181818181818182,0.7500000000000001,+-0.118197153723,+0.11298874657,+0.0252952951595,1.0,1.0,1.0
A1XWYM32PN3RTY,1,0,0,0.8181818181818182,0.8181818181818182,0.8181818181818182,+0.00767697215066,+0.11298874657,+0.0934771133413,0.7333333333333333,1.0,0.846153846153846
A2HHQJVM3JJQ8F,2,1,0.5,0.6777777777777778,0.5625,0.6018099547511313,+-0.132727068253,+-0.142693071612,+-0.122894750089,0.7777777777777778,0.8125,0.7941176470588236
A3UH5KXMS7AQS3,3,1,0.3333333333333333,0.7727272727272727,0.8203463203463204,0.7558190601668863,+-0.0377775733039,+0.115153248734,+0.0311143553264,0.7727272727272727,0.9393939393939394,0.8282828282828283
